Time (s),Filtered Accel X (m/s^2),Position (m)
0.0057256221771240234,0.1426256913447374,1.168915571314493e-06
0.11167597770690918,0.14222116974801335,0.0008438150802769574
0.21764063835144043,0.14230367845239672,0.0032847659553605683
0.32358217239379883,0.14260784598929477,0.0073231411207660465
0.42964792251586914,0.14240954641969722,0.012968229841425942
0.5355994701385498,0.14248259087939866,0.02020751527707094
0.6415302753448486,0.14209679560835362,0.029043097709470084
0.7475028038024902,0.1425098286494485,0.03947986054969057
0.8535237312316895,0.14229018688954947,0.05152111976156032
0.9594740867614746,0.1425270065505688,0.06515345252451041
1.065537452697754,0.1423967302588249,0.08040178880335906
1.1700489521026611,0.14218598914234865,0.0969937022119057
1.2759313583374023,0.14265382042396382,0.11538889022950728
1.3818778991699219,0.14237857975973708,0.1353938934395099
1.4878439903259277,0.14241857225687318,0.15700206784703416
1.593796730041504,0.142420500013762,0.18020630205326527
1.6997647285461426,0.14244773156185825,0.20501310456989974
1.8057329654693604,0.14253895729951946,0.23141972439727257
1.9116957187652588,0.142576339398416,0.25942531038863526
2.0176169872283936,0.14231871615023328,0.2890190267314404
2.1236937046051025,0.14237509361961587,0.3202572919698696
2.228203058242798,0.1424794079823576,0.35260082757142086
2.3340651988983154,0.14244146434446417,0.38694916366712817
2.4399607181549072,0.14249625640293395,0.4229056568696208
2.545862913131714,0.14264310744625774,0.46046275923585156
2.6517860889434814,0.1425394323914027,0.49962685671428125
2.7577781677246094,0.1424578990114369,0.5404173056248825
2.8637335300445557,0.1425199822759473,0.5827936138065458
2.9696462154388428,0.14245705335575745,0.6267515424781972
3.0756359100341797,0.14265347558364957,0.6723419160974301
3.1815378665924072,0.1426325992643908,0.7194944938681042
3.287410020828247,0.1426899808048489,0.7682330029650634
3.393260955810547,0.14266308629145957,0.8185604264110921
3.4991543292999268,0.14252372423426335,0.8705071307933905
3.6050796508789062,0.1425881932499598,0.9240689789538999
3.7110884189605713,0.1423062452900775,0.9792738046196507
3.8169968128204346,0.14230462223667292,1.036024093410548
3.922894239425659,0.14243304674951338,1.0943647944460697
4.028810501098633,0.14262610165029496,1.154313761459275
4.134713649749756,0.1424165413543308,1.2158538962905394
4.240595102310181,0.14248758216064597,1.2789789887482346
4.346528053283691,0.1424330600943468,1.3437330087786137
4.45242714881897,0.14154891913402287,1.4100615957075373
4.558286190032959,0.14951695185857625,1.4779764123284949
4.664168834686279,0.15902213294628398,1.5475867530323335
4.7701051235198975,0.13018343536935095,1.6189089695770602
4.876007556915283,-0.036328839887512565,1.6912826880766052
4.9818642139434814,-0.3102552902927398,1.762917238177281
5.087770700454712,-0.11653312743705069,1.832417393601585
5.193639278411865,-0.24465494588950776,1.8996843028572656
5.299534559249878,-0.30497802743125924,1.9644149903014414
5.405418634414673,-0.2759197794399828,2.0259699462499383
5.511339902877808,-0.25150104910031246,2.08443845237518
5.617222785949707,-0.26365892210802855,2.139963092333326
5.723156213760376,-0.2632380908626182,2.192591464872203
5.829116106033325,-0.2605309647994236,2.2422842664961893
5.935356378555298,-0.3018937321790123,2.2890474946029054
6.04128885269165,-0.31316654783524456,2.332367313536238
6.14719557762146,-0.27569825605632836,2.3723003068389783
6.2530858516693115,-0.2334027409376569,2.4091490367074306
6.358979940414429,-0.07257106926066026,2.4437141733022116
6.464901685714722,0.05338501626638692,2.4773765354666835
6.570862293243408,0.182963010049785,2.5116608226333796
6.676800727844238,0.1558353155407437,2.5475517843537117
6.782735586166382,0.14190732367125225,2.5852274131346076
6.888706922531128,0.13783279440159357,2.624536999443004
6.9946043491363525,0.14233740701472078,2.665389462302113
7.100604772567749,0.140872133260137,2.7078634402818222
7.206031322479248,0.1427510448540794,2.75168680495508
7.311355829238892,0.1426848339818569,2.797046693574989
7.41729211807251,0.14269644191447292,2.8442669308459325
7.523199796676636,0.14748560257639165,2.8930885738621615
7.629056930541992,0.151627050608475,2.9435381744968563
7.735079050064087,0.20486352997939905,2.9959074544406556
7.840997695922852,0.07156145272512937,3.0500017325501454
7.946842432022095,-0.46543716942598135,3.1037298511072797
8.05269455909729,-0.5235136137378626,3.1535882688342025
8.158547163009644,-0.2502157362432875,3.198509315616329
8.264420509338379,-0.2093148530372151,3.239983636042918
8.370311260223389,-0.23082121885351548,3.278943029091075
8.476224660873413,-0.3948615529797852,3.31492202414575
8.582091093063354,-0.18677460040680494,3.3475014686148867
8.687997579574585,-0.23160429521027126,3.377289768099519
8.793885946273804,-0.16555524429515778,3.404786745525225
8.899781465530396,-0.19743733641971417,3.430154595470384
9.005730628967285,-0.35123422366034873,3.4529774031147444
9.11164665222168,-0.5345540198346246,3.471769574799177
9.217530012130737,-0.277484949994931,3.4857964787305593
9.323421716690063,0.1428007633705226,3.497170753250517
9.429311275482178,0.16312070216710128,3.5090247933550978
9.535203456878662,0.160958784660588,3.5226451802507888
9.641029596328735,0.14101901431139677,3.538010469516605
9.746715545654297,0.14002791842521556,3.5549845491777012
9.849786043167114,0.14225936349343257,3.5730536545997467
9.952513217926025,0.14248869474715237,3.592561024591236
10.05518627166748,0.14237114151147745,3.6135596797004355
10.157798051834106,0.14244634937189896,3.636045809330642
10.260391235351562,0.14255032277157603,3.6600273745658773
10.362977504730225,0.14250922011102246,3.6855071838610574
10.46558690071106,0.14261304096319324,3.712493384701269
10.568651676177979,0.14234824226341933,3.741109911022785
10.671709537506104,0.14252919377099343,3.771237621615532
10.77552056312561,0.1428013577488845,3.8031161864497434
10.878521203994751,0.14236134798874522,3.8362649599038883
10.981135368347168,0.14260951081787576,3.870793009680066
11.083781957626343,0.1428020956032424,3.9068341661862287
11.18637228012085,0.14264231688872914,3.944358010925729
11.28898549079895,0.14424317112963603,3.983396642510819
11.391583442687988,0.1424703480051221,4.023939055759602
11.494224786758423,0.1422753474774388,4.066003412319138
11.596838235855103,0.14240733305891679,4.109555492616157
11.699466943740845,0.14263828094278178,4.154614125146757
11.802074670791626,0.14280617908684234,4.2011652787279745
11.904686689376831,0.14258162271525077,4.249220953395415
12.007343292236328,0.1426372444183793,4.298800498611826
12.10998272895813,0.14277607332715658,4.34987476050276
12.212565183639526,0.142716681097954,4.402423018715392
12.315182447433472,0.14264928134771285,4.456491681874312
12.417823076248169,0.1427757248232785,4.5120758196820185
12.52048397064209,0.14300032409492106,4.569175792681182
12.623088598251343,0.14302223802201328,4.6277498149992695
12.725723505020142,0.14266957504217492,4.68784649955513
12.828330755233765,0.14314584126983157,4.749431435247948
12.930916786193848,0.14280097736214117,4.812508081924649
13.0335533618927,0.14265844602434802,4.877120272413287
13.136319875717163,0.14248274057367633,4.9433198311543585
13.239038228988647,0.14266650133263603,5.010993010892122
13.341697216033936,0.14239136394414006,5.080129847577909
13.44435167312622,0.14267181347933788,5.150765641643387
13.547008037567139,0.14267100016839973,5.22290551571002
13.649670839309692,0.14261805037748693,5.296553431483162
13.75234317779541,0.14275904116894994,5.37171205370677
13.855005979537964,0.14255544879795976,5.448367487160569
13.95768117904663,0.1425364763644225,5.526535421022892
14.060338735580444,0.14261142425665846,5.606192430790949
14.162976026535034,0.14263251803563037,5.687336049665726
14.265618562698364,0.1426755884637991,5.76998653832122
14.368292808532715,0.14282516308392798,5.85416669507302
14.470988512039185,0.14258274979601837,5.939869546031242
14.573659896850586,0.1426257928740507,6.027056056381854
14.676330327987671,0.1428129779458273,6.1157455932243945
14.781763076782227,0.14264439135030096,6.2083870427628405
14.887812852859497,0.1428496917006247,6.303171300134014
14.993823051452637,0.14235692388975524,6.399523890493109
15.099842309951782,0.14247043380915547,6.4974864542247825
15.205835819244385,0.14241984709015923,6.597025560709736
15.31184720993042,0.14244491718458888,6.698182110606185
15.417867660522461,0.1428161268294387,6.800949338504218
15.523880004882812,0.14248004085072252,6.905311838711741
15.629889488220215,0.14263404046766526,7.011274113154063
15.735324621200562,0.14307193883827862,7.118252999305785
15.841326713562012,0.1426109525790621,7.2274079481574125
15.947308540344238,0.14293544160481916,7.338146214973469
16.053319692611694,0.14269445158578759,7.4505196732813666
16.15929937362671,0.14267791042554226,7.564463340219955
16.265236139297485,0.1426371244529694,7.67996234008645
16.37117862701416,0.1421549555353676,7.797067228835786
16.477128982543945,0.1424821661544848,7.915778783743621
16.583152770996094,0.14267877499667064,8.036173343421627
16.68915820121765,0.14229463625234168,8.158148866763016
16.795133113861084,0.14252454327791583,8.281689295217012
16.901084423065186,0.14275523158128475,8.406802323089353
17.00710129737854,0.14236762309951717,8.533595049198166
17.111623525619507,0.14259414953317004,8.660168391905364
17.217514276504517,0.1424807125132776,8.789986585514127
17.323441743850708,0.1426660020917895,8.921449076074884
17.429490566253662,0.14240733305891679,9.054664482237374
17.535436391830444,0.14271502777759418,9.189351327464648
17.641348123550415,0.14264918914772398,9.325594916278996
17.747384071350098,0.14240412911722333,9.463600745336915
17.85333752632141,0.14224838985430954,9.603098731420985
17.959285259246826,0.14220071438084167,9.744186257367755
18.065186977386475,0.14253458050887596,9.886808728796016
18.17116117477417,0.1425753627763251,10.03112818052039
18.277052640914917,0.1424484545560197,10.17693381813815
18.382957458496094,0.14258823368691959,10.32435616454854
18.488893270492554,0.14264493242547846,10.473421370613233
18.594873428344727,0.14248173013449236,10.624150182827785
18.700840950012207,0.1425169761216356,10.776461619776674
18.806764602661133,0.14234492110576918,10.930308766454386
18.912750244140625,0.14291837312873107,11.08584652778169
19.01867914199829,0.14245833181156442,11.242902222527897
19.12458896636963,0.14277166718934073,11.401529890337205
19.230584144592285,0.14270786477220726,11.56188772997
19.336517572402954,0.1423938501628529,11.72375336574367
19.442432641983032,0.14236322277337132,11.88718925809154
19.548316955566406,0.14245057479226392,12.052174357399288
19.654207706451416,0.14280729270060946,12.218767470718655
19.759555101394653,0.14251090722543971,12.386092902712495
19.865520477294922,0.14335741736609667,12.555998630519438
19.971452474594116,0.14270311908095062,12.727455579027641
20.077368021011353,0.14256571098824317,12.90048833337444
20.183289766311646,0.1427369120717677,13.075131537564378
20.28918433189392,0.14301013140095398,13.25133102233074
20.395098447799683,0.14232289981160362,13.429164454747578
20.50107169151306,0.14295176023356634,13.608698745746862
20.606974601745605,0.1425813073645274,13.789714875697712
20.71292734146118,0.1424884915156957,13.972417195090488
20.818882942199707,0.14264534065192666,14.156724786857078
20.924813985824585,0.14286666815250396,14.342590706775928
21.03074049949646,0.1429076653309817,14.530051231793657
21.136834859848022,0.14262943464538805,14.719415198877183
21.243046522140503,0.14260578666978885,14.910597353391214
21.346040725708008,0.1426156266212988,15.097524500594849
21.44889736175537,0.14265910595506529,15.285711870716941
21.55179190635681,0.1426358119933929,15.475478516670245
21.65446186065674,0.14270296293376117,15.666336378697732
21.7571804523468,0.1427443458963847,15.858789905160682
21.859882831573486,0.14254626490056463,16.05271817909593
21.962514877319336,0.1425456515786202,16.248016168147732
22.065166473388672,0.14245297505649793,16.444853027294393
22.167790174484253,0.14238948669870632,16.643136939160062
22.270427942276,0.14249625640293395,16.842948379179955
22.37303352355957,0.14248155684849553,17.044197262287007
22.475667715072632,0.14227126169458632,17.247002405716152
22.578271865844727,0.14201693290855746,17.451246068785313
22.680878400802612,0.14295127439420655,17.656992757650258
22.783508777618408,0.14222799638156158,17.864288419928084
22.8861346244812,0.14284837394679212,18.073076457916773
22.988797187805176,0.14245297505649793,18.283441813908752
23.09180736541748,0.1423439564292401,18.496029252627853
23.19450306892395,0.14272697752644745,18.70947250892161
23.297162771224976,0.14252698050739276,18.92434386910229
23.39981245994568,0.14269787364600886,19.140697121618594
23.5024516582489,0.14261606865857956,19.358530969157744
23.605090141296387,0.14268393326275924,19.57786610964438
23.7077534198761,0.14250324622997956,19.79875725371442
23.810373306274414,0.14296743399469647,20.02105772910063
23.912982940673828,0.14255904092599525,20.244839040883868
24.01560950279236,0.14268927384278682,20.47016002648222
24.11841630935669,0.14257162547782598,20.697382887122266
24.22113347053528,0.14259223556079514,20.92591288241604
24.323811531066895,0.1425323989605572,21.15585927808263
24.426434993743896,0.14256506425823068,21.387185136049997
24.52906107902527,0.1424276738821546,21.620017950165014
24.631664037704468,0.1425480356693096,21.8542985316648
24.734304189682007,0.14230904259002064,22.090164564492365
24.8369722366333,0.14280205895794498,22.327596465604536
24.93969702720642,0.14269715562092478,22.566664502114058
25.04239821434021,0.14271028969976476,22.807183194461494
25.145338773727417,0.1428868464503305,23.049773420435702
25.248074054718018,0.14259288134352222,23.293388255208978
25.350788354873657,0.14273965216093742,23.538459042003744
25.453489303588867,0.1424514321708878,23.78500246809965
25.556161642074585,0.14252530543965986,24.03298004361934
25.658835887908936,0.1426897109202581,24.282464952353006
25.761521816253662,0.14272754422321415,24.533482406225556
25.86415958404541,0.14259599465746908,24.785885602386024
25.966837406158447,0.14276573630579373,25.03989115127977
26.069518327713013,0.14276428032064842,25.295409125869295
26.172239542007446,0.14235501423835917,25.55253239476932
26.278310775756836,0.14255793215082313,25.8196192007442
26.384096384048462,0.14241466576634879,26.08758329506116
26.48890209197998,0.14239076431624165,26.354637177774443
26.591918468475342,0.14241075614069146,26.6186560364268
26.694627285003662,0.14215865910833816,26.883390492084555
26.797309398651123,0.14282740263958613,27.149557609113643
26.89995527267456,0.1426703690717844,27.41713373218257
27.0026273727417,0.14282405756927846,27.686282815970348
27.10530114173889,0.142699935301332,27.9569411677079
27.207921028137207,0.14232514176964636,28.228959964603746
27.31056261062622,0.14405179489722675,28.502541085663474
27.413229942321777,0.14234173511008197,28.777699982827862
27.515882968902588,0.1436283116401892,29.054328486851993
27.61855173110962,0.1426975937602949,29.332507404593223
27.72122287750244,0.142507112430465,29.612198942811595
27.823834896087646,0.14252557355806428,29.89323088029563
27.926471710205078,0.14266150544030481,30.1758322647299
28.029147386550903,0.14225204336627822,30.460042910562127
28.131993770599365,0.14255498038238032,30.746231369617615
28.23472309112549,0.142643993995989,31.033598797715573
28.339192152023315,0.14216443158995068,31.327375123124604
28.44192361831665,0.1425280335258289,31.617780480464454
28.544609546661377,0.14225581003097493,31.90955863862991
28.647399425506592,0.1425700051070669,32.20313599707604
28.75006628036499,0.14255026088805817,32.49786476381749
28.85272479057312,0.14255490511245544,32.794072005016254
28.955345153808594,0.14249798261986646,33.09167053222301
29.05799388885498,0.14241813654204993,33.39085253705208
29.16063904762268,0.14265276956439385,33.691525494439446
29.263282299041748,0.14248304140772433,33.993694751440664
29.366086959838867,0.14278357866646466,34.29784511223158
29.468799591064453,0.14265273085889,34.60322908769552
29.571465253829956,0.14250817569114752,34.90997731884785
29.674122095108032,0.14243149334824765,35.21820124822942
29.77683162689209,0.1423394398912242,35.52808549828005
29.879525899887085,0.1426305334244915,35.83942596079316
29.98225450515747,0.14257499805426876,36.15237454718354
30.08499312400818,0.1425318347044285,36.466858508878076
30.18775177001953,0.14243005522621566,36.7829085145021
30.290508031845093,0.14244332953738592,37.10045540585372
30.393397092819214,0.14258555512370058,37.4199199812935
30.496126890182495,0.14264774213179485,37.74039577112716
30.59878396987915,0.14212790364559263,38.062146999697525
30.701547384262085,0.14257000207451384,38.38573418365407
30.804290056228638,0.1428691055198941,38.71076080406419
30.907053470611572,0.14292729455401632,39.037360998380855
31.009837865829468,0.1429180636979641,39.3655375155877
31.112650394439697,0.14263610916491962,39.69531363486145
31.215324878692627,0.14247131779957117,40.026151967808914
31.318097352981567,0.14226198423910041,40.358810017323464
31.42084527015686,0.14277118421073928,40.692892534314296
31.523624181747437,0.1425519114678694,41.028581842208006
31.628862380981445,0.14255490511245544,41.37386443160039
31.733008861541748,0.14240284065896575,41.71711903679653
31.83831286430359,0.14253078278094672,42.065759887937
31.944238901138306,0.14281101361991855,42.41805514699183
32.05049681663513,0.14221748499828393,42.77306164900364
32.15688705444336,0.14289185587288797,43.130122566059796
32.26222491264343,0.142743992302565,43.48524270383375
32.36813235282898,0.14264128430241504,43.84387993496586
32.47409749031067,0.14261644832788664,44.204313993810665
32.580005168914795,0.14122029466298064,44.566148846698454
32.68592119216919,0.14236603613343696,44.929603513414314
32.7918164730072,0.14221755906318806,45.29457999497478
32.89774179458618,0.14199527890088295,45.661255286641584
33.00362157821655,0.14250156767228095,46.02936716897028
33.10952639579773,0.14228519758586478,46.399162145292735
33.21549153327942,0.14222392786001412,46.77076539002865
33.321495056152344,0.14239969471492814,47.14410175709639
33.427393674850464,0.14239824783643396,47.51866589712178
33.53329110145569,0.1424107388955361,47.89482276045186
33.63931632041931,0.14273283067492182,48.27303434723435
33.74525737762451,0.14236750581231794,48.65254638324374
33.851158618927,0.14271806769049836,49.033514756648636
33.95702075958252,0.14259500510051018,49.41594084953996
34.06290316581726,0.14247613902161022,49.80003865494677
34.16686201095581,0.1427581054252151,50.178713709161926
34.27135729789734,0.14310263897995049,50.56089776537565
34.37731409072876,0.14236696366499596,50.95001966713225
34.48330855369568,0.14270097422264608,51.340882098456696
34.589189529418945,0.1424038695749879,51.732924914070026
34.695136308670044,0.14247707421312733,52.12681036455236
34.801031827926636,0.14261599333593133,52.522103531245406
34.90695667266846,0.1427075518836156,52.91910597344937
35.012810945510864,0.14293280505857697,53.3174438783927
35.11885190010071,0.14278521575307218,53.71808905382897
35.224859952926636,0.1428475992379761,54.1202153369308
35.329371213912964,0.14281229759464897,54.51823492719689
35.43525695800781,0.14249716647504124,54.92307908817128
35.54116463661194,0.14259396290794416,55.32960641347129
35.64705014228821,0.14256553557109658,55.73764717066274
35.752999782562256,0.1426330321464816,56.147535206594995
35.858901500701904,0.14279858945859966,56.558838136916634
35.9648015499115,0.14287561938310941,56.97173581036324
36.070672035217285,0.14272697752644745,57.386119237072435
36.17651438713074,0.14257052812700352,57.801991652473255
36.28242778778076,0.14275328599542286,58.219742950940685
36.38838720321655,0.14263356643363678,58.63927729537636
36.49433374404907,0.1426191022390517,59.06036207160108
36.60022044181824,0.14286139917142487,59.482809217354706
36.70612549781799,0.14264142061679022,59.90693048684816
36.812066316604614,0.14260166849124814,60.3327961418156
36.9179961681366,0.14286763933352634,60.76021880295818
37.023887634277344,0.14262084608014913,61.189087408492554
37.12983727455139,0.1426358119933929,61.61979288396357
37.23512887954712,0.1428655093078549,62.049410163387115
37.34097671508789,0.14240538160875704,62.48289150592682
37.44690990447998,0.14261109132389707,62.91832167390684
37.552794218063354,0.14267785586653586,63.355149803488686
37.65866279602051,0.14258424507602963,63.79351184046475
37.76404309272766,0.14255899394519014,64.2314393464614
37.869932651519775,0.14256360040095553,64.67307788252687
37.97579026222229,0.14256326479599907,65.11618094242709
38.081634521484375,0.1424116268675269,65.56082492958683
38.18745946884155,0.14253895729951946,66.00698357182563
38.293296098709106,0.14252372423426335,66.45478761506077
38.399139165878296,0.14252674934837276,66.90421555600699
38.505038261413574,0.14268288052280906,67.35547979261197
38.61102223396301,0.14251852239766186,67.80870687144986
38.71699023246765,0.14241322519102448,68.26346629716929
38.82286310195923,0.1424964152645733,68.7194150433858
38.92880630493164,0.14257052812700352,69.17726550371836
39.03478002548218,0.14266059236474113,69.63684879319705
39.14070153236389,0.14270721858472235,70.0978064780617
39.24656009674072,0.14268222079786502,70.5600897015753
39.35245442390442,0.14262476889169381,71.02412872218608
39.458409547805786,0.14261142425665846,71.49003499950958
39.56431174278259,0.1425321148660287,71.9573081786446
39.67018938064575,0.14263559370399456,72.42607149741042
39.77615284919739,0.1424133820622353,72.89681480993316
39.88206386566162,0.1426115805302609,73.36892414991877
39.9879424571991,0.14247975152835535,73.84248698733532
40.09390068054199,0.14264380885469788,74.31800586363126
40.199795722961426,0.14299252302247645,74.79484176486207
40.30569553375244,0.14249958834295898,75.27330037010628
40.411558389663696,0.14258946551381232,75.75319090911687
40.51753258705139,0.14293406845261297,76.2351874035439
40.62343716621399,0.14257640858028672,76.71846893153213
40.72939586639404,0.14265537876603732,77.20359899026944
40.835399866104126,0.142709380285152,77.69053903635701
40.94135761260986,0.1426755884637991,78.17886892141134
41.047263383865356,0.14277917604207407,78.66856029890103
41.153125047683716,0.1427186294191938,79.15964768624158
41.25903797149658,0.14273476479566724,79.65257364687997
41.36491131782532,0.14260951081787576,80.14691525162026
41.470847368240356,0.14263654198892375,80.64315001400267
41.57684373855591,0.14273462989610564,81.14126963012394
41.68275570869446,0.14275937529118318,81.64059415153778
41.788694620132446,0.14265642958264316,82.14164732240204
41.89466118812561,0.14282687239803893,82.64443373394494
42.000579595565796,0.14241406242936802,83.14859269636194
42.10651779174805,0.14299977686096765,83.65444680190018
42.21238565444946,0.14257653912707519,84.16156551192437
42.31828570365906,0.14270876828556395,84.67043868316158
42.42425489425659,0.14277456800470564,85.18124592875553
42.53027105331421,0.14282748894439123,85.69388389078763
42.63617706298828,0.14268117254379073,86.2075914679845
42.74219608306885,0.1432704229711841,86.72345216613262
42.84808111190796,0.14264638504886737,87.24026480792025
42.95395755767822,0.14238764518531055,87.75863568597676
43.05990958213806,0.1427710423321605,88.27897624837767
43.16503715515137,0.1423545968265959,88.79684969746822
43.267884731292725,0.1429363964516047,89.305016684204
43.37057375907898,0.14274085658919114,89.81390666942514
43.47323822975159,0.1426107627060798,90.32417979861461
43.57588768005371,0.14291211633631337,90.8358821953131
43.67865753173828,0.14260122238363315,91.34969167375156
43.78142428398132,0.1429870808565851,91.86499353079391
43.88416385650635,0.14277533318913593,92.38166701199933
43.98693513870239,0.1430098982103816,92.90000888962128
44.08968639373779,0.14297776605709286,93.41975907326231
44.192420959472656,0.1426975344645256,93.9409333480428
44.29519820213318,0.14273864092525326,94.46383199607011
44.39796328544617,0.14263446591269416,94.98817590130948
44.5007221698761,0.14238306069116502,95.51399396714322
44.60348153114319,0.14286558979431077,96.04131989894032
44.70625305175781,0.14250922011102246,96.57021486841171
44.80901885032654,0.14248304859106337,97.10058631686015
44.91176390647888,0.14278870648648337,97.63235587079312
45.01449465751648,0.14276241222040603,98.16555755176816
45.11727476119995,0.14260925678242967,98.70052279619338
45.22002410888672,0.1425561273257254,99.2368340336944
45.32279586791992,0.14247037243307906,99.77476768199995
45.425535678863525,0.14258994827189134,100.31403872313422
45.52832746505737,0.14263854689210834,100.8550886359202
45.631054162979126,0.14248758216064597,101.3973011359106
45.733848094940186,0.14279123470796443,101.9413748274011
45.83662271499634,0.14252755070017736,102.48685319704552
45.939377307891846,0.14286952061451713,103.03373189566977
46.04210114479065,0.14287497949157973,103.58195382880362
46.144880294799805,0.1427148882892733,104.13197938402995
46.2476224899292,0.1426117813018746,104.68331408808774
46.35039258003235,0.14275616799473423,105.23630515265137
46.453145265579224,0.14257627193594552,105.79070907338554
46.55593252182007,0.14283178382225686,106.34680676716108
46.65865993499756,0.14265798636824142,106.90408729772496
46.76146364212036,0.14238083417493924,107.46328857392652
46.86418151855469,0.14262186010129949,108.02352722353159
46.966946840286255,0.14238337814577628,108.58552922179027
47.06969857215881,0.14275546218437246,109.14896188311823
47.17249274253845,0.1425923712622262,109.71413397439231
47.27522134780884,0.14276199966853306,110.28045174178894
47.37798857688904,0.14256314977963494,110.84848890102732
47.48075795173645,0.14284559937892763,111.41804486293603
47.58349323272705,0.14265247833002315,111.98891853837272
47.68625521659851,0.142682990999926,112.56144740321166
47.789066553115845,0.1426735980424058,113.13575894794157
47.891785860061646,0.1427001381050152,113.71106256367295
47.994510650634766,0.1425364763644225,114.2879021762432
48.097283124923706,0.14271148549471563,114.86651559235489
48.2000789642334,0.1424051325504166,115.44676714168159
48.30591678619385,0.1426156266212988,116.04576343703546
48.41188716888428,0.14259463971789768,116.64710985180196
48.51781892776489,0.1424533724200357,117.24983717479265
48.62378168106079,0.14255026088805817,117.85434076477391
48.72977614402771,0.1425549046092332,118.46062628310015
48.835689544677734,0.142563267139122,119.06804788030337
48.94164562225342,0.14267181347933788,119.67731470552197
49.0475549697876,0.14256183843198195,120.28791288435139
49.15348935127258,0.1429589219896216,120.90025646687798
49.25935912132263,0.1424323580762386,121.51382681124039
49.36524963378906,0.1424125886274198,122.12911569825744
49.47112059593201,0.14282231732020104,122.74588859118569
49.57697153091431,0.14246278909987264,123.3641430494915
49.68287014961243,0.1423519648792075,123.98427400754791
49.78880524635315,0.1425045424466946,124.60621654953462
49.89470362663269,0.14252984243914169,125.22954156255248
50.00055146217346,0.14251868987803187,125.85416621572134
50.10644888877869,0.14238957327149726,126.48068105091988
50.21242547035217,0.14283288359944737,127.10926437823461
50.31832695007324,0.14241653605054075,127.73900229603916
50.424184799194336,0.1425923712622262,128.37007865819936
50.530107498168945,0.14271785956680216,129.00314082700146
50.636054277420044,0.14251470048146292,129.63794777882293
50.74095296859741,0.14262747430136222,130.26805174859481
50.8468451499939,0.14272252691348186,130.90571515604412
50.95276999473572,0.14254835033797797,131.54517561132522
51.058640480041504,0.142693838355226,132.18590697058218
51.16452479362488,0.14289579481957787,132.82832188308868
51.27038621902466,0.14273263507116574,133.47219846178095
51.376300573349,0.1425868543520417,134.11799776967686
51.48231887817383,0.14258644865903045,134.76603318419822
51.588219165802,0.1426468560314835,135.41494737039272
51.694180488586426,0.142480990630176,136.06583606970216
51.800150871276855,0.14255729277246634,136.7183810546514
51.9060537815094,0.14233090633316064,137.37210905865763
52.01191568374634,0.1427007164905092,138.0271809697736
52.11893010139465,0.1426975344645256,138.69100899377534
52.224766969680786,0.14270656244446916,139.3491398301242
52.33042883872986,0.14277272570505886,140.007777176038
52.436400413513184,0.1426384114864872,140.66994548420433
52.54237651824951,0.14260282634092178,141.33374430363912
52.64829063415527,0.14268877994336643,141.99875534481924
52.75428223609924,0.14239113215879393,142.66585423746886
52.86015748977661,0.14272404857427948,143.3338196358655
52.96599507331848,0.14280794661514343,144.00314569762926
53.07182312011719,0.14286350681324714,144.67401082928103
53.177653312683105,0.14288930465872035,145.3464895393404
53.283485651016235,0.1428472874267561,146.02058210752116
53.38931727409363,0.14261608140794835,146.69626953269528
53.49513578414917,0.14251326101409115,147.3734706472482
53.60105657577515,0.1425654578570955,148.052924877076
53.70700788497925,0.14241159713892657,148.7341744546735
53.8129243850708,0.14282033950916645,149.41679967263624
53.91885042190552,0.1425026699989096,150.10108673529902
54.02474308013916,0.14276996172673576,150.78675798140438
54.13059163093567,0.1425865377437214,151.47374227820646
54.23642587661743,0.14249822498566195,152.16223120125215
54.342281341552734,0.1422820658086293,152.85245439144498
54.44814348220825,0.1424302910438894,153.54431660642203
54.55410623550415,0.14252526193389445,154.23843468944096
54.66002035140991,0.14257653912707519,154.93383323339194
54.765933990478516,0.14247621293164117,155.63082760571243
54.871816635131836,0.14252132350256713,156.3292159720752
54.97765278816223,0.1426057747124685,157.0288945692542
55.083529233932495,0.14242690277775874,157.7304370834081
55.18947768211365,0.14255360003466638,158.434055755452
55.295350790023804,0.14254654642701645,159.1387721752435
55.401207447052,0.14278311664944981,159.84497722480756
55.5070743560791,0.14258431197581956,160.552849656516
55.612979888916016,0.14260247923253644,161.2625798835271
55.71898078918457,0.1425896851835923,161.97455072021327
55.82502102851868,0.14262943464538805,162.6883889882075
55.930954933166504,0.142693838355226,163.40311289455823
56.03683567047119,0.14271231705916365,164.11907806194867
56.14269399642944,0.14263947629216003,164.836490829449
56.248563289642334,0.14264402020645778,165.55557680424573
56.35445737838745,0.1426273626080513,166.276430495683
56.46034836769104,0.1425896851835923,166.9988623193348
56.56626486778259,0.14269118615338927,167.723068000309
56.672133684158325,0.14265930043248903,168.4485469416833
56.77807807922363,0.1424403549484935,169.1761439377486
56.883995056152344,0.14248868194988573,169.90515154389647
56.98989295959473,0.14257000207451384,170.6356260272505
57.09575295448303,0.14251754604315722,171.367436619617
57.20171809196472,0.1426327744648757,172.10157401381412
57.3070924282074,0.142524250966072,172.83320585181633
57.4128098487854,0.142626573207461,173.56881066152184
57.519124031066895,0.14271156581392705,174.31017536334818
57.62492322921753,0.14265032858868776,175.04954982201687
57.730650186538696,0.14260184269049578,175.790014580784
57.83656644821167,0.14249761773923472,176.53340330092777
57.94251894950867,0.14245839517035278,177.27864595155285
58.048418045043945,0.14257061566282453,178.02511140382182
58.154011487960815,0.14258349202644993,178.7710140423631
58.25778293609619,0.14254653671508624,179.5055950293855
58.362024545669556,0.14263250003432137,180.24505000742113
58.468064308166504,0.14257994311232322,180.99885031631064
58.57410287857056,0.14263017821757384,181.75424564330532
58.680092096328735,0.14250117888685956,182.5108915292398
58.786102533340454,0.14269727241505104,183.269291108779
58.89208436012268,0.1428967687492941,184.02908903306434
58.998146772384644,0.14250090094324722,184.79106988023452
59.104185819625854,0.1426596352619719,185.554486922588
59.2102153301239,0.14267631442434436,186.31943879528407
59.31624102592468,0.14259549378162642,187.08596679001127
59.42231059074402,0.14256520478031595,187.85441605900343
59.52834606170654,0.14299899223758256,188.62422282302833
59.63437509536743,0.14236998546503934,189.39558753157456
59.74042201042175,0.14259158405915803,190.16868566950913
59.84645485877991,0.14251550671153743,190.94328368083575
59.95249819755554,0.14268436801162077,191.7195615506499
60.05851149559021,0.14261015770222749,192.49722265867865
60.1645143032074,0.14257162547782598,193.2764094463492
60.271018505096436,0.14259671351479522,194.06089537863355
60.37753629684448,0.14263580798180744,194.8470992552938
60.484031200408936,0.14242386883145694,195.6347513133367
60.59053421020508,0.14242419154812047,196.42407936509176
60.69705939292908,0.14245853527013772,197.2151878506871
60.80362510681152,0.14226815918357422,198.0082141899572
60.910094261169434,0.142678253062357,198.80213710551646
61.016611099243164,0.1423749911299086,199.5980320096257
61.1213104724884,0.14283256319720905,200.3819231522886
61.22726368904114,0.14294036289016676,201.17679489920536
61.333221435546875,0.1424775154019207,201.9733037920758
61.43917465209961,0.14289117672026042,202.7713805909994
61.54515314102173,0.14263828094278178,203.57125056129303
61.65054988861084,0.1426549486345988,204.36831947257394
61.75651526451111,0.14258643724339348,205.17128595522095
61.86252427101135,0.14266390319610828,205.97618550820528
61.96847057342529,0.14249946900139432,206.78221010783113
62.07448863983154,0.1425195933009847,207.59038232390387
62.18011784553528,0.14256302876726565,208.39718342601992
62.28602910041809,0.14234563256323446,209.20773513040635
62.39200139045715,0.1426286059330827,210.02035344779003
62.49796795845032,0.14246023859827783,210.83452822775985
62.60391449928284,0.1425629933590822,211.65014911383415
62.70988845825195,0.14244319927382387,212.46758129518685
62.815807580947876,0.14261355647681923,213.28618977391108
62.92173385620117,0.14258349202644993,214.10645309352356
63.027634143829346,0.142471405001774,214.92811419398
63.13352704048157,0.14247763811754374,215.75131591205894
63.23940658569336,0.14251467356450237,216.57601126673043
63.345353841781616,0.14261914161645425,217.40283340097076
63.45134162902832,0.1426351325570563,218.2315733888465
63.55734324455261,0.14252056921169073,219.06202372875717
63.663355350494385,0.14268126053199048,219.8941586749275
63.769370555877686,0.14248729056431783,220.7279205566145
63.87534761428833,0.14250442801250487,221.56298360475358
63.98133420944214,0.14283309675530956,222.39972337683454
64.08738970756531,0.1425329835294185,223.23861138625327
64.19331097602844,0.14257908798449348,224.07803876081417
64.2992811203003,0.1425345855923453,224.91945396953975
64.40523386001587,0.14284821385684124,225.76233221145063
64.5113410949707,0.14250001746971624,226.60804475752786
64.61724185943604,0.14265247833002315,227.45371275730758
64.72317218780518,0.1426637049458075,228.30121695637513
64.82909226417542,0.1427716442214073,229.15024003523794
64.93499398231506,0.14286436954125895,230.00071726500994
65.04088306427002,0.14276093277436608,230.85269442799824
65.14708471298218,0.14269118615338927,231.7087943795151
65.25300598144531,0.14274612111999796,232.5642375299538
65.35895943641663,0.14271400099012518,233.42154262511193
65.46486043930054,0.14288253644174018,234.2800248124843
65.57079362869263,0.14272956704846299,235.14037017811827
65.67670130729675,0.14257378085356237,236.00210945785477
65.7826828956604,0.14264622872693147,236.8660516040536
65.88866329193115,0.14265255196873225,237.73158603611103
65.99460458755493,0.14279272220376585,238.59840287615964
66.10051584243774,0.1428948478059224,239.46657577541515
66.20639276504517,0.14273784358939953,240.33606862067913
66.3123037815094,0.14290320894056147,241.20744321188593
66.41822075843811,0.1425381490257159,242.0804684558503
66.52416491508484,0.1428475750799733,242.95531928856957
66.63010382652283,0.1426745721030993,243.83172868010143
66.73605394363403,0.14264923588912648,244.70983268641004
66.84202003479004,0.1429508423988033,245.58967166258086
66.94834351539612,0.14284028143721583,246.47409018777253
67.05464124679565,0.14261572906715153,247.35990838182906
67.16040515899658,0.14275043953801053,248.24287839773422
67.2661144733429,0.14281912654796103,249.12698798971024
67.37212038040161,0.1425685592145702,250.01517991522758
67.47853803634644,0.14272263828198534,250.9084343300887
67.5844714641571,0.14256905475274745,251.79922861735605
67.69035649299622,0.14299563576909718,252.69121634211038
67.7962851524353,0.1427307251627687,253.58517388334297
67.9021999835968,0.1426468560314835,254.4806164830966
68.00802946090698,0.14284821385684124,255.37693654077097
68.11384558677673,0.142672106680728,256.2747420419234
68.21969532966614,0.14246937489050301,257.1744309630952
68.32556796073914,0.14251395695231886,258.0759118880129
68.43143558502197,0.14259316237269815,258.97894760590657
68.53735208511353,0.1424973636922734,259.88399902125985
68.64339661598206,0.1427230630757438,260.791746835559
68.7493884563446,0.14248729056431783,261.7006461074376
68.85537385940552,0.14252147635753998,262.61109153133
68.96136116981506,0.14269528927700192,263.5231547055373
69.06734418869019,0.1424428244925695,264.43678259538484
69.17321610450745,0.14253107917439284,265.35105113529454
69.27905130386353,0.1425345855923453,266.2665991490668
69.3850085735321,0.14257777781080339,267.1848025731406
69.49091625213623,0.14264402020645778,268.10417590504323
69.59682393074036,0.14255931525196608,269.02514877125174
69.70271277427673,0.14269805394975474,269.94755705510033
69.80857419967651,0.14264645342247123,270.8713253364677
69.91451025009155,0.14254615942228627,271.79734495253274
70.02032399177551,0.14279350757336814,272.72389335108255
70.12620735168457,0.14245566246303978,273.65265008809183
70.23205995559692,0.14265673426637376,274.5827349738734
70.33792757987976,0.14261857927306926,275.5145499441405
70.44375824928284,0.142470224924426,276.44763696575194
70.54961442947388,0.14262396457518997,277.38254601899763
70.65554976463318,0.14260184269049578,278.3197536365988
70.76150345802307,0.14253895729951946,279.2587242906521
70.86739253997803,0.14242695353022705,280.19872092041726
70.973228931427,0.14250425500027497,281.1398461073655
71.07906293869019,0.1424205098700967,282.0825458274582
71.18491959571838,0.14290241250203387,283.0270446223828
71.29077291488647,0.1425789320492463,283.97311261545696
71.39669108390808,0.1422728299506954,284.92135930938423
71.50257658958435,0.14256065840599594,285.87091061737385
71.60847210884094,0.14308301460221126,286.8221509617123
71.71442914009094,0.1425814467348557,287.77554689550806
71.82044649124146,0.14288661415173634,288.7310899644902
71.92639541625977,0.1424203942280966,289.68761858299473
72.03205108642578,0.14278410669829383,290.64309401875647
72.13742280006409,0.14259218976793664,291.5975875030551
72.24338841438293,0.1424064373096397,292.55905739940704
72.34923839569092,0.14298839223829735,293.52107668488475
72.45517492294312,0.14256749324880724,294.485483770863
72.56114053726196,0.1426109525790621,295.45175758751043
72.6670732498169,0.14292613660628464,296.4193327350048
72.77303433418274,0.14255725858412202,297.3887696312114
72.87897753715515,0.1428789749111358,298.35964506102584
72.98487877845764,0.14279431525256878,299.33173752521844
73.09073901176453,0.14272537623966772,300.3050541300714
73.1947569847107,0.14272911593491697,301.2629904647517
73.2984356880188,0.14275617893697573,302.2193391589602
73.40433096885681,0.14260025929809034,303.1977174886477
73.51025390625,0.14255668838456517,304.17795137414265
73.61629009246826,0.14264691656653705,305.1608356696613
73.72235918045044,0.1424701528867084,306.1456288134012
73.82830500602722,0.1432797881672031,307.1308803910998
73.93430614471436,0.14314397091990294,308.1182532090383
74.04027247428894,0.14215253219364177,309.1069069954692
74.14621210098267,0.14309864830498895,310.0969126921644
74.25214338302612,0.14317543555993023,311.08844380476717
74.35810589790344,0.14291648737224744,312.0818736632462
74.46405673027039,0.14253217515890987,313.07679805175195
74.57000946998596,0.14307826560389297,314.07334301162325
74.67594909667969,0.1424035481302981,315.07136710664963
74.78190541267395,0.1403486907504659,316.0711431542702
74.88784837722778,0.14070595561471602,317.07237535086267
74.99379444122314,0.14324204394744744,318.0752222939094
75.0997953414917,0.1478348277853445,319.0802031568665
75.20577907562256,0.12073048300121947,320.0865929547428
75.31173849105835,0.07398473046305698,321.0940523612588
75.41774153709412,0.060220726456068796,322.10285037252766
75.52368021011353,-0.01728717772189725,323.1115330025063
75.62960934638977,0.013107723717881825,324.12023355509734
75.73555827140808,0.03698613912696036,325.12925139568836
75.84153509140015,-0.06788810493290942,326.1385887469925
75.94747710227966,-0.06584670628084854,327.14713258433545
76.05340123176575,-0.08269566459207311,328.15471434962046
76.15944623947144,-0.08843033179470083,329.162547709294
76.26536011695862,-0.08366676897315095,330.16817168826736
76.37138795852661,-0.10786271450940621,331.1738562819141
76.47733855247498,-0.0986017583323262,332.17769085922606
76.583336353302,-0.07784349672269197,333.18089741012085
76.68867492675781,-0.0710134725006597,334.17695929444267
76.79466342926025,-0.05298791141240322,335.1784030571417
76.90067410469055,-0.08323283834312267,336.17932528478815
77.00663995742798,-0.062022527479403955,337.1790339906689
77.11122488975525,-0.06668540385042476,338.16496034572305
77.21609616279602,-0.0816876568712015,339.15282517934384
77.32206201553345,-0.08006538886431169,340.1501344375772
77.42803239822388,-0.08169024722117868,341.1465781212317
77.53260922431946,-0.06850916425049114,342.12905933453015
77.63852429389954,-0.08431755749439862,343.12326859953794
77.74448704719543,-0.08136781733870269,344.1170315858349
77.85041689872742,-0.09501233729446312,345.1095262705357
77.95633888244629,-0.06901830577038481,346.10099239523566
78.06226253509521,-0.08529439663201366,347.09158121016935
78.16815042495728,-0.06484160848664988,348.08098204014027
78.27405405044556,-0.09491505846581028,349.0696610576809
78.37998676300049,-0.12353680311770265,350.05755070550936
78.48591351509094,-0.1590998664350156,351.04397912068913
78.59199094772339,-0.19861309820044326,352.03001048621195
78.69830989837646,0.017907006867223352,353.01676761838723
78.80279779434204,0.12773402189718208,353.98642619245635
78.90878582000732,0.08522810717444873,354.9710074262446
79.01469135284424,0.14156373038602976,355.95605587191085
79.12059593200684,0.14642450632725384,356.9425388679897
79.22652411460876,0.1409361047091245,357.9308555117389
79.33239650726318,0.13454191952218958,358.9202292655147
79.43832278251648,0.14264645342247123,359.9116564383528
79.54421019554138,0.14257713507888775,360.9042966225893
79.65005850791931,0.14296220260439257,361.898169241159
79.75594449043274,0.14261353243988115,362.89399609513885
79.86182689666748,0.14249484639896376,363.89138883917013
79.96769905090332,0.1428581827032581,364.8902836517052
80.0743260383606,0.14251235747174817,365.8979166940131
80.180832862854,0.1426396748574914,366.9060330600892
80.28745079040527,0.1429219241754001,367.9168220827287
80.3938057422638,0.1426224862475946,368.92673496520985
80.50025677680969,0.14254332297382186,369.93917628502794
80.60670685768127,0.14286974806088085,370.9532249375392
80.71360158920288,0.14278307074613755,371.97313728107
80.8201162815094,0.14284386623603854,372.9910468020447
80.92644166946411,0.14288684115837672,374.0087634820632
81.03286266326904,0.14266957504217492,375.0290120653601
81.13921642303467,0.1430036626230545,376.05023190449566
81.24557304382324,0.14256048854520081,377.07309461462796
81.35213947296143,0.14258387874544362,378.09959381588664
81.45854377746582,0.14274197335987995,379.1261472825557
81.56490993499756,0.142394211635742,380.1539465268738
81.67169284820557,0.14284688093561526,381.18739558726395
81.7780749797821,0.14243063191080424,382.2185830705862
81.88450527191162,0.14291648305675567,383.25185294448244
81.99088072776794,0.14298436354988142,384.28620688399496
82.09756731987,0.1423930578375852,385.32520939635145
82.20317792892456,0.14271147852309396,386.35533193267486
82.30858969688416,0.1427037724439654,387.38510132595604
82.41459321975708,0.14251819895226933,388.4222501338853
82.52050614356995,0.14241473189636653,389.46011213090793
82.62635016441345,0.14244366588740162,390.49889529030924
82.73166728019714,0.14278625799252276,391.5340920176925
82.83753299713135,0.1424657045766668,392.5762754117098
82.94348168373108,0.14277744376863521,393.62087593420296
83.04939699172974,0.14271177077462133,394.6667482390565
83.15540432929993,0.14276333050793574,395.71513266450916
83.26125431060791,0.1427123654495065,396.76356133141087
83.36715698242188,0.14289568857852492,397.81411272159744
83.47306370735168,0.14265636785282484,398.86630585434216
83.57906460762024,0.14263418618947163,399.92103743929727
83.6850335597992,0.14281272197839576,400.977053637905
83.79091548919678,0.14273877087116843,402.0338036461442
83.89658069610596,0.14262708212662326,403.089985892209
84.00258278846741,0.1424336407231973,404.15113533875643
84.10849046707153,0.14284757964741782,405.21293965620174
84.21438193321228,0.14264923588912648,406.2761815878201
84.32032513618469,0.14261353243988115,407.3415441567811
84.42629814147949,0.14297817466283783,408.40880890561533
84.53219938278198,0.14251326750782728,409.47695263950226
84.63808941841125,0.14267619427311942,410.5465831535305
84.74400687217712,0.14312516502697606,411.6180918363682
84.84960222244263,0.14246154602560918,412.6879372035302
84.95492720603943,0.14265185141107256,413.756628112671
85.06077909469604,0.14266535400916233,414.8322592082425
85.16668891906738,0.1428487824848373,415.9100793275013
85.27256226539612,0.14253354873538404,416.98912831195287
85.37852597236633,0.14254515747040064,418.0706988864954
85.48439359664917,0.14276597840554806,419.1528876966568
85.5902955532074,0.1425801913101478,420.23702720766295
85.6961989402771,0.14270206482104844,421.3227813269792
85.80211067199707,0.14253439617955974,422.4102208543618
85.90795803070068,0.14247501229348433,423.4985971339435
86.01386833190918,0.14261875321528614,424.5892188560004
86.11971759796143,0.14261379929055393,425.68081001659635
86.22560548782349,0.14249212965999986,426.77439789484197
86.33148264884949,0.14269932863103402,427.8694733034993
86.43732142448425,0.14264110324309037,428.9657497387434
86.54324579238892,0.14252203177461564,430.064512349148
86.64917635917664,0.14247348418526629,431.164938692465
86.75512862205505,0.14246065842409278,432.2671897457815
86.86097526550293,0.1425596789289094,433.36993917989906
86.96688652038574,0.14268487138428057,434.4749604651673
87.07282996177673,0.14246480942411494,435.5819178520828
87.17873978614807,0.14252185668275932,436.69012303234945
87.28460359573364,0.14276908864219187,437.7994448724033
87.3905553817749,0.1424789830708338,438.9112891186347
87.49644088745117,0.14258868061435717,440.024036885804
87.60228705406189,0.1426048987451055,441.1379687543687
87.70816707611084,0.14253003590474297,442.2538550923922
87.81407618522644,0.14245066344493154,443.3716464736495
87.91994214057922,0.14259206853261733,444.4905798734463
88.0258150100708,0.14259592784695072,445.6111842372233
88.13439416885376,0.14258644865903045,446.76209327602135
88.2389907836914,0.14243855089278487,447.8723777315054
88.34287571907043,0.1424909234298706,448.97665078483914
88.44880676269531,0.14253296315603833,450.10425697718017
88.55479192733765,0.14250919740991264,451.2340397311475
88.66077947616577,0.14252373155535233,452.3654488468477
88.76618790626526,0.1427210399791976,453.4922643434646
88.87212252616882,0.14256810852467885,454.6263014843864
88.97811245918274,0.14267673128433064,455.7625326632703
89.08412504196167,0.14248729056431783,456.90060913939993
89.19014263153076,0.14247763811754374,458.0403413508303
89.29610419273376,0.14244491718458888,459.18107131063016
89.40212488174438,0.14244825359697813,460.324038601994
89.50812673568726,0.1427230630757438,461.46840434927145
89.61414122581482,0.14259098475072712,462.6145093492238
89.72015118598938,0.14257499758749495,463.76216819043105
89.82634472846985,0.1426235957751889,464.9134211052913
89.93060517311096,0.14259613280855105,466.0452816639187
90.03652381896973,0.1425868543520417,467.19673107996016
90.14254856109619,0.14252784849808636,468.3509357885127
90.2485523223877,0.14255271966452096,469.50651404657657
90.35456442832947,0.14276050272530433,470.6637858112373
90.46054458618164,0.14258099620669673,471.8223114279641
90.56657099723816,0.14264918914772398,472.98294584793683
90.67255449295044,0.14270645985458108,474.1447130893617
90.7786374092102,0.14247899939352743,475.3091745622987
90.88432002067566,0.14265636785282484,476.47083739795187
90.9903769493103,0.1424941958094047,477.63821555083376
91.0963442325592,0.14256920839383638,478.80620838853116
91.2023401260376,0.14259845082426065,479.9761180127999
91.30830955505371,0.14266166099282765,481.1473371480045
91.414315700531,0.1426128660499893,482.3205646291965
91.5203685760498,0.1427859486119497,483.4959135647189
91.62582588195801,0.14271217612231127,484.6662537514934
91.73197293281555,0.14247348418526629,485.84585084017084
91.83798599243164,0.14253045882447046,487.0255619732623
91.94394445419312,0.14252417128459993,488.20626599453084
92.04994678497314,0.14262773066112108,489.3890603011465
92.15490961074829,0.14248645146964228,490.56183407316956
92.26027274131775,0.14282033950916645,491.7406606526245
92.3662600517273,0.1425477101555107,492.92806862078186
92.47229480743408,0.14292260066566348,494.1176123107172
92.57523107528687,0.1425985750624447,495.2739311266498
92.67798614501953,0.14277363910512308,496.42972276961274
92.78074049949646,0.14308076035138842,497.5870141905656
92.88348722457886,0.14243939416213935,498.74572772446965
92.9862551689148,0.14301265393895227,499.9061879453342
93.08901977539062,0.1426400115688222,501.0681182964305
93.19176602363586,0.14250472523375635,502.2313476582015
93.29450798034668,0.1428072438919516,503.3960338876748
93.3972761631012,0.14283971287358754,504.5625247412445
93.50002551078796,0.1424757072544823,505.730308915416
93.60280680656433,0.1429796536941811,506.8999633620559
93.70558857917786,0.14285642019064107,508.0711320255512
93.80832552909851,0.14263025083066247,509.24329783732907
93.911048412323,0.14261384345199696,510.41680884626777
94.01382994651794,0.14251610394431535,511.59249582083436
94.11659097671509,0.14263418618947163,512.7694539220406
94.21935892105103,0.14261433668609214,513.9479971938192
94.32211923599243,0.14249831746019972,515.1279587357842
94.42488121986389,0.14253163678367908,516.309444609374
94.52764630317688,0.14250449130021925,517.492471164345
94.63038396835327,0.14259794910399373,518.6766867409284
94.73316168785095,0.14247556189260574,519.8628694432296
94.83590841293335,0.1426273626080513,521.0501994808001
94.93867444992065,0.14237576372904426,522.2392577455126
95.04141068458557,0.14259034573648405,523.429475367902
95.14419651031494,0.14239401522706585,524.6217725196229
95.24694514274597,0.14263984856438258,525.8151429687321
95.34971976280212,0.1424005171967255,527.0103204296202
95.45245504379272,0.1425497624467883,528.2065446971241
95.55523180961609,0.14242894238940293,529.4047567490793
95.65801167488098,0.1425323989605572,530.6045100818667
95.76076912879944,0.14259763403404382,531.8055068823546
95.86350655555725,0.1425394323914027,533.007774547649
95.96627807617188,0.1425620635755262,534.2119466537158
96.06903219223022,0.1428161268294387,535.4174207977434
96.17181134223938,0.14255490511245544,536.6246957324763
96.27453970909119,0.1425465040377577,537.8328795907476
96.37731051445007,0.14254513750424305,539.0430678273126
96.48005652427673,0.1425329835294185,540.2544690469502
96.58284902572632,0.1425199822759473,541.4679241176748
96.68558263778687,0.1425329835294185,542.6821886885617
96.78836369514465,0.14265159706778344,543.8985196833966
96.891104221344,0.1426785861824076,545.1158768551742
96.99388289451599,0.14260000747849375,546.3351926451967
97.09663248062134,0.1424391758621708,547.5556688529393
97.19930696487427,0.1426033070207959,548.7767559955325
97.30194187164307,0.14272928659114387,549.9988748124107
97.40459942817688,0.1425874225347868,551.2227666215699
97.50724673271179,0.1425429444779325,552.4480389051216
97.61308550834656,0.14270645985458108,553.7129801389794
97.71908640861511,0.14238767257676727,554.9814599160281
97.82511901855469,0.14261102204117818,556.2519212894086
97.93114495277405,0.14262990661863872,557.5239053130845
98.03708076477051,0.14249474326004075,558.7964090461403
98.14301085472107,0.14285419502424168,560.0704444363067
98.24897336959839,0.14250925111244583,561.3464715577584
98.35492181777954,0.14276241222040603,562.623930746143
98.46082878112793,0.14260898717800938,563.9024901738542
98.56682014465332,0.1426351325570563,565.183670480403
98.67299199104309,0.142471908581687,566.4686383389153
98.77911353111267,0.14259987878087452,567.7546030420775
98.88512206077576,0.14254730312664665,569.0408011589697
98.9911241531372,0.142469422907511,570.3285228745762
99.09707713127136,0.14268575055651572,571.6172485097192
99.20307469367981,0.1425474507364145,572.9081182419794
99.30900645256042,0.1428006041301701,574.1997877961877
99.41501307487488,0.14269863322342421,575.493973335346
99.5209710597992,0.14263066916712772,576.7891676375647
99.62693214416504,0.14234045369783427,578.086000600723
99.73294186592102,0.14260589239883117,579.3850296500445
99.83892607688904,0.1425125959685928,580.6853471212788
99.94488596916199,0.14243521647620527,581.9869665154355
100.05084753036499,0.14263288723930226,583.2902064119089
100.15680193901062,0.1425874602625347,584.5949589543734
100.26273798942566,0.14270350210678004,585.9010862002731
100.36868262290955,0.14262215150676774,587.2089203934294
100.4745934009552,0.14246253872460363,588.5179365001411
100.58058619499207,0.14248683706057277,589.8295666810952
100.68651270866394,0.14281908434816576,591.1419767887259
100.79244470596313,0.14251492984901562,592.4560556676328
100.89835500717163,0.14251467356450237,593.7714650130133
101.00424766540527,0.14270410765223415,595.0882539503538
101.1102774143219,0.14237685920445103,596.408349462958
101.21311593055725,0.1424562652389801,597.6902435803779
101.31579303741455,0.14261142425665846,598.9716289485939
101.41846489906311,0.1423197346973917,600.2544510585655
101.52113771438599,0.14234955126694468,601.5387862173897
101.6238305568695,0.1427613632114621,602.824873949622
101.72651720046997,0.14265625317263947,604.1123880858684
101.82915091514587,0.14261717089018833,605.4007418410418
101.93175530433655,0.14253768440091125,606.6902290089085
102.03436923027039,0.14272252691348186,607.9813375237954
102.13695693016052,0.1425642180860796,609.2736173920631
102.23958921432495,0.14256362817797028,610.5679606537569
102.3421835899353,0.14282375769758038,611.8633273649754
102.44482350349426,0.1422824773981688,613.1607712400587
102.54745745658875,0.14254260450218634,614.4596406895122
102.6500654220581,0.14237258370880826,615.7596810587254
102.75273013114929,0.14316711743641358,617.0619431079605
102.85537481307983,0.14256612463581236,618.3654559902078
102.95798015594482,0.14277456800470564,619.6699726293308
103.06057476997375,0.14257941658374682,620.9758546751525
103.16332745552063,0.14254924426842575,622.2852533908641
103.26602935791016,0.14294749469364573,623.5955100317134
103.36870980262756,0.14245096276760108,624.9069978518937
103.47140288352966,0.14274159841385065,626.2201513198974
103.57406854629517,0.14234055574897186,627.534457096186
103.6767406463623,0.14247950742031307,628.8503471490721
103.77941751480103,0.14274934012582835,630.1678007213721
103.88207697868347,0.142252424258551,631.486533512277
103.98472213745117,0.14269042233620838,632.8065838867569
104.08736681938171,0.1424249530809926,634.128129655926
104.18999457359314,0.14259368899420807,635.4509588331389
104.29261755943298,0.14258994827189134,636.7752278509676
104.39526176452637,0.1427176468121361,638.1012731813747
104.49791550636292,0.14260309692104864,639.4289449362333
104.6005699634552,0.14253235137126202,640.758128794545
104.70331001281738,0.14262995377540325,642.0899252333579
104.80604815483093,0.14274018994866186,643.4232024720503
104.90883278846741,0.1425135175315821,644.7585898264198
105.01156568527222,0.14276851442842545,646.0948107555871
105.1143102645874,0.14247501229348433,647.43268923155
105.21708989143372,0.142417140104975,648.7725294973156
105.31983041763306,0.14248618133551993,650.1133639667606
105.42260956764221,0.14243969344319118,651.456207076044
105.52535009384155,0.14262515422010721,652.8000499860786
105.6281898021698,0.1428223111695996,654.1466979037468
105.73090410232544,0.1427086423596983,655.4932105550861
105.83365368843079,0.14248482989414615,656.8416918743087
105.93640089035034,0.14263692391135374,658.1916471237199
106.03916001319885,0.14251940593140838,659.5432643641519
106.14192295074463,0.14204509036577628,660.8964358468403
106.24779009819031,0.14226130516486074,662.2920538128045
106.35373115539551,0.142430815266444,663.6902420943917
106.45967531204224,0.14247596971648013,665.0900695763285
106.56564688682556,0.14279834551429516,666.4918599037026
106.67160654067993,0.14279566502007185,667.8950949799464
106.77756381034851,0.14260184269049578,669.299901122505
106.88353323936462,0.14256568741225753,670.706470177448
106.98957681655884,0.14276709724244863,672.1156267196386
107.09466671943665,0.1423785544047495,673.5136926165195
107.200936794281,0.1425264797279622,674.9290594597495
107.30731630325317,0.14269570785504143,676.3474959567609
107.41364002227783,0.1427338978081756,677.7668017547733
107.51957845687866,0.142712704105226,679.1825690671484
107.62551522254944,0.14287338826863305,680.5999162061024
107.73143529891968,0.14250442801250487,682.0186416020528
107.837317943573,0.14257315353001082,683.4384647721192
107.94333744049072,0.14296156011291114,684.8617254550799
108.04922461509705,0.14244422874044738,686.2848111345245
108.15508008003235,0.14319392422715194,687.7090705778694
108.26096749305725,0.1423869923730337,689.1353607810403
108.36687397956848,0.1425948794472087,690.5635076417547
108.47273397445679,0.1425528102161768,691.9926251807183
108.57863545417786,0.1430514662488349,693.4239027181542
108.68463182449341,0.1426189068379875,694.8580666014724
108.79058694839478,0.1425026699989096,696.2932747173663
108.89647054672241,0.14260879554269668,697.729112796786
109.00232315063477,0.14278625260690053,699.1661289083539
109.10815668106079,0.14267129502309708,700.6044847216237
109.21410608291626,0.14255485934507195,702.0460159575405
109.31998777389526,0.14275326609914224,703.4882254962494
109.42592287063599,0.1425890170990234,704.932763063428
109.53179621696472,0.14270311908095062,706.378058148427
109.63764953613281,0.14259505483836696,707.8246783458785
109.74354767799377,0.14248619139021107,709.2735098819555
109.84941816329956,0.14273507289287807,710.7235613146095
109.95533800125122,0.14260450333924893,712.1758886135633
110.06118059158325,0.1426537189082996,713.6287553620115
110.16707849502563,0.14243987297272945,715.083979991265
110.27297115325928,0.14275002201692166,716.5407312652037
110.37887501716614,0.1428082665828102,717.9992369343772
110.48473024368286,0.14267340359890338,719.4586728106912
110.5908317565918,0.1428114311130614,720.9231093137366
110.69678163528442,0.1425263668226996,722.3870559992622
110.80333685874939,0.14278162900836397,723.860982125173
110.90971326828003,0.14240537586783336,725.3340500842876
111.01605534553528,0.14271458671813697,726.8082552295378
111.12240648269653,0.14261016886610584,728.2841989152274
111.22872424125671,0.1423277841925042,729.7612911112636
111.3350944519043,0.1429048485651111,731.2407244524893
111.44150471687317,0.14237671090253118,732.7223295826707
111.5479006767273,0.14253904984614135,734.2053493166044
111.65432572364807,0.14278374636689217,735.6903889373957
111.76067471504211,0.14229342132473038,737.1759806886802
111.8670506477356,0.14260433740583328,738.6635610155404
111.97331809997559,0.1428313166426431,740.1512353143585
112.07987976074219,0.14250031955064152,741.6446464224059
112.18587017059326,0.14262553681609122,743.1316581641136
112.29221200942993,0.14262356701078244,744.6252102124906
112.39857983589172,0.14264645342247123,746.1207407849505
112.50451731681824,0.14252730737100097,747.611824441816
112.61043167114258,0.1422288492173806,749.1041811105584
112.71642684936523,0.14283170738534168,750.5992764655565
112.82237195968628,0.14251940768350854,752.0952666024643
112.9282898902893,0.14259927599776942,753.5924731247972
113.03461575508118,0.14257117708936254,755.0970547297889
113.14053559303284,0.14301501648641798,756.5974946827803
113.24649858474731,0.14289694723021737,758.1001498347209
113.35243821144104,0.1428660117709405,759.6040778317026
113.4583477973938,0.1425512503395865,761.109181304398
113.56425285339355,0.14268202923734735,762.6158205223331
113.670334815979,0.14259466502308385,764.1265801735344
113.77635645866394,0.14271384548702082,765.6380846671415
113.88228487968445,0.14260040581229252,767.1498615596314
113.98822283744812,0.14242822264187124,768.6633747037121
114.09414267539978,0.142606567328831,770.1782279977332
114.20008945465088,0.14242952096343184,771.6950661212137
114.30602383613586,0.1424344237326701,773.2133257075074
114.41200160980225,0.14243226919567809,774.7338065686312
114.51795887947083,0.14248311672611122,776.2555926379173
114.62391424179077,0.14246997185065757,777.778950740393
114.72991299629211,0.14242530214651122,779.3045330465375
114.83589458465576,0.1426662915679929,780.8314689563514
114.94182848930359,0.1423203254832185,782.3593175735756
115.04774117469788,0.142681023817136,783.8884587724192
115.1536431312561,0.14235823369904788,785.419043435263
115.25957775115967,0.1426034548638445,786.9516990879638
115.36556196212769,0.14253738036338306,788.4866727876979
115.47149848937988,0.14255829487112973,790.022556118927
115.57752799987793,0.14269787364600886,791.5613898427396
115.68354535102844,0.14266484848652208,793.1016505799801
115.7895143032074,0.14270907648324666,794.6428107845035
115.89545321464539,0.14273066834444767,796.185135886359
116.00136685371399,0.1427590901288642,797.7286943770434
116.10737991333008,0.14276320040164722,799.2753054133948
116.21331930160522,0.14244755347794646,800.8224435812425
116.31928658485413,0.14263483972937632,802.3715898810675
116.42522501945496,0.14257701258334982,803.9219147536654
116.5312397480011,0.14232886520375965,805.4749574566313
116.6372537612915,0.14270236268985337,807.0295910636471
116.74329257011414,0.1424514321708878,808.5861909180471
116.8492283821106,0.14266129219813958,810.1428795445133
116.95512962341309,0.14248849693150104,811.7006593119469
117.0610740184784,0.14243079787089138,813.2606731785784
117.16702246665955,0.1426598209349776,814.8223462969078
117.2723240852356,0.14248986524618085,816.3760708117305
117.37824058532715,0.142697864913527,817.9404628103499
117.48418545722961,0.14252962261293753,819.5068742778732
117.58958125114441,0.14258247969938487,821.0667555402309
117.69516062736511,0.14242368469490052,822.6309412578714
117.8010675907135,0.1424820870492182,824.2015758650616
117.90702700614929,0.14252858048648476,825.7745876274867
118.01288104057312,0.14234131220231283,827.3476321484472
118.11876368522644,0.14239537933605725,828.9226981001541
118.22268676757812,0.142512053554621,830.4701669587179
118.32634210586548,0.1425134709687735,832.0151818464589
118.43227672576904,0.1424675180529936,833.5957521004435
118.53831219673157,0.14249212007910964,835.1794283497038
118.6436870098114,0.14263200627817915,836.7548249369462
118.74965810775757,0.142615458975728,838.3407330230551
118.85563635826111,0.14241322519102448,839.9283493449458
118.96160197257996,0.14255684878212666,841.5173765526862
119.0675356388092,0.1425438867622154,843.1075242433184
119.17351841926575,0.14244203329290256,844.7000096593212
119.27946758270264,0.142200603484147,846.2935887557138
119.38594961166382,0.14269766707100348,847.896793057196
119.49247002601624,0.14234961458473724,849.502191737685
119.59925580024719,0.14254165263304724,851.1132124921503
119.70573711395264,0.1425549046092332,852.7212579889463
119.81219267845154,0.14243607405884065,854.330529995319
119.91859984397888,0.14256742959763544,855.9406841674614
