time,ax_raw,ay_raw,az_raw,ax,ay,az,gx,gy,gz
0.007720,-0.010301,-0.005494,0.001766,-0.010301,-0.005494,0.001766,0.030520,0.030520,0.061040
0.018470,-0.012066,-0.004316,-0.002354,-0.012066,-0.004316,-0.002354,0.030520,0.030520,0.000000
0.028600,-0.012066,-0.006671,-0.005984,-0.012066,-0.006671,-0.005984,0.030520,0.030520,0.030520
0.038480,-0.012066,-0.015107,-0.004218,-0.012066,-0.015107,-0.004218,0.030520,0.030520,0.000000
0.048650,-0.014519,-0.008535,0.001177,-0.014519,-0.008535,0.001177,0.061040,0.030520,0.000000
0.058650,-0.015696,-0.011478,0.004218,-0.015696,-0.011478,0.004218,0.061040,0.030520,0.000000
0.069010,-0.015107,-0.005494,0.000000,-0.015107,-0.005494,0.000000,0.061040,0.030520,0.000000
0.078980,-0.016873,-0.007946,-0.003630,-0.016873,-0.007946,-0.003630,0.061040,0.030520,0.000000
0.089070,-0.012655,-0.009712,0.007750,-0.012655,-0.009712,0.007750,0.000000,0.030520,0.000000
0.098740,-0.012066,-0.009123,0.012557,-0.012066,-0.009123,0.012557,0.030520,0.030520,0.000000
0.108260,-0.013244,-0.001864,0.005984,-0.013244,-0.001864,0.005984,-0.030520,-0.030520,0.000000
0.118510,-0.017462,-0.002551,0.001766,-0.017462,-0.002551,0.001766,0.000000,-0.030520,-0.030520
0.128410,-0.010889,0.002845,0.004218,-0.010889,0.002845,0.004218,-0.030520,0.000000,0.000000
0.138510,-0.006671,0.008240,0.002354,-0.006671,0.008240,0.002354,-0.030520,0.000000,0.000000
0.148600,-0.000098,0.007063,0.007161,-0.000098,0.007063,0.007161,0.000000,0.000000,0.000000
0.158680,-0.003728,0.003434,0.010202,-0.003728,0.003434,0.010202,0.030520,0.030520,0.000000
0.168760,-0.007259,-0.001275,0.009614,-0.007259,-0.001275,0.009614,0.030520,0.030520,0.000000
0.178840,-0.001962,-0.006082,0.013145,-0.001962,-0.006082,0.013145,0.030520,0.000000,0.000000
0.188950,-0.002551,-0.006082,0.013145,-0.002551,-0.006082,0.013145,0.030520,-0.030520,0.000000
0.199330,0.002256,0.002256,0.008339,0.002256,0.002256,0.008339,0.000000,0.000000,0.000000
0.209700,0.005297,0.001079,0.007161,0.005297,0.001079,0.007161,0.000000,-0.030520,0.000000
0.219900,0.008240,0.001079,0.003041,0.008240,0.001079,0.003041,0.030520,-0.030520,0.030520
0.229880,-0.001275,-0.003139,-0.004807,-0.001275,-0.003139,-0.004807,0.030520,-0.030520,0.030520
0.240000,-0.001962,-0.009123,-0.001766,-0.001962,-0.009123,-0.001766,0.030520,-0.030520,0.030520
0.250050,-0.003139,-0.012066,0.004807,-0.003139,-0.012066,0.004807,0.030520,0.061040,0.000000
0.260130,-0.003139,-0.008535,0.003630,-0.003139,-0.008535,0.003630,0.030520,0.061040,0.000000
0.270250,-0.000687,-0.009123,0.000000,-0.000687,-0.009123,0.000000,0.030520,0.061040,0.061040
0.280320,-0.008535,-0.004316,0.001177,-0.008535,-0.004316,0.001177,0.030520,0.030520,0.061040
0.290400,-0.017462,-0.004316,0.005984,-0.017462,-0.004316,0.005984,0.030520,0.000000,0.030520
0.300890,-0.013930,-0.003139,0.008339,-0.013930,-0.003139,0.008339,0.030520,0.000000,0.030520
0.311290,-0.009123,-0.001864,0.005396,-0.009123,-0.001864,0.005396,0.030520,0.030520,0.030520
0.321390,-0.012066,-0.007946,0.004218,-0.012066,-0.007946,0.004218,0.061040,0.030520,0.030520
0.331580,-0.005494,-0.012066,0.001177,-0.005494,-0.012066,0.001177,0.030520,0.000000,0.030520
0.341760,0.005297,-0.012066,0.005396,0.005297,-0.012066,0.005396,0.030520,0.030520,0.030520
0.351850,-0.001275,-0.006082,0.005396,-0.001275,-0.006082,0.005396,0.030520,0.030520,0.030520
0.361810,-0.000098,-0.001864,0.009614,-0.000098,-0.001864,0.009614,0.030520,0.030520,0.000000
0.371900,0.000491,-0.001275,0.005396,0.000491,-0.001275,0.005396,0.061040,0.030520,0.000000
0.382000,-0.008535,-0.006671,0.001177,-0.008535,-0.006671,0.001177,0.061040,0.061040,0.030520
0.392150,-0.002551,-0.001864,0.005984,-0.002551,-0.001864,0.005984,0.061040,0.061040,0.030520
0.402040,-0.001275,-0.003728,0.005396,-0.001275,-0.003728,0.005396,0.061040,0.061040,0.030520
0.411780,-0.006671,-0.003139,0.000589,-0.006671,-0.003139,0.000589,0.061040,0.030520,0.061040
0.421870,-0.008535,0.002845,-0.001766,-0.008535,0.002845,-0.001766,0.061040,0.000000,0.030520
0.431970,-0.002551,0.004120,0.001766,-0.002551,0.004120,0.001766,0.061040,0.000000,0.030520
0.442050,-0.001962,0.002256,0.005984,-0.001962,0.002256,0.005984,0.061040,0.000000,0.030520
0.452140,-0.004905,-0.000687,0.007750,-0.004905,-0.000687,0.007750,0.061040,0.030520,0.000000
0.462230,-0.005494,0.001668,0.007750,-0.005494,0.001668,0.007750,0.030520,0.030520,0.030520
0.472320,-0.011478,-0.002551,0.005984,-0.011478,-0.002551,0.005984,0.030520,0.030520,0.030520
0.482410,-0.011478,-0.011478,-0.004218,-0.011478,-0.011478,-0.004218,0.030520,0.030520,0.030520
0.492530,-0.014519,-0.011478,0.005396,-0.014519,-0.011478,0.005396,0.030520,0.061040,0.030520
0.502940,-0.010301,-0.010889,0.010202,-0.010301,-0.010889,0.010202,0.030520,0.030520,0.000000
0.513360,-0.004905,-0.010301,0.013145,-0.004905,-0.010301,0.013145,0.061040,0.030520,0.000000
0.523450,-0.003728,-0.012655,0.014323,-0.003728,-0.012655,0.014323,0.091550,0.030520,0.000000
0.533550,0.001668,-0.011478,0.003630,0.001668,-0.011478,0.003630,0.061040,0.030520,0.000000
0.543650,0.000491,-0.013244,0.007750,0.000491,-0.013244,0.007750,0.061040,0.030520,0.030520
0.553750,-0.000687,-0.015107,0.009614,-0.000687,-0.015107,0.009614,0.030520,0.000000,0.061040
0.563840,0.000491,-0.009123,0.008339,0.000491,-0.009123,0.008339,0.030520,0.000000,0.061040
0.573940,-0.005494,-0.001275,0.005984,-0.005494,-0.001275,0.005984,0.061040,0.000000,0.061040
0.584050,-0.003728,-0.001275,0.004807,-0.003728,-0.001275,0.004807,0.061040,0.030520,0.061040
0.594130,0.001079,0.001668,0.016775,0.001079,0.001668,0.016775,0.061040,0.000000,0.030520
0.604060,-0.006082,-0.002551,0.014323,-0.006082,-0.002551,0.014323,0.061040,0.030520,0.061040
0.613850,0.001668,-0.004905,0.015009,0.001668,-0.004905,0.015009,0.061040,0.030520,0.091550
0.624070,0.005297,-0.001275,0.005984,0.005297,-0.001275,0.005984,0.030520,0.061040,0.030520
0.634130,0.002256,-0.007259,0.005396,0.002256,-0.007259,0.005396,0.030520,0.030520,0.061040
0.644250,0.007652,-0.013244,0.013734,0.007652,-0.013244,0.013734,0.030520,0.061040,0.000000
0.654410,0.004709,-0.012655,0.011968,0.004709,-0.012655,0.011968,0.000000,0.061040,0.000000
0.664560,0.005297,-0.016285,0.005984,0.005297,-0.016285,0.005984,0.000000,0.061040,0.030520
0.674630,0.001079,-0.009712,0.004807,0.001079,-0.009712,0.004807,0.000000,0.061040,0.000000
0.684730,0.001079,-0.006671,0.001766,0.001079,-0.006671,0.001766,0.061040,0.061040,0.030520
0.694710,-0.003728,-0.010889,0.009025,-0.003728,-0.010889,0.009025,0.061040,0.061040,0.030520
0.704450,-0.002551,-0.009123,0.003630,-0.002551,-0.009123,0.003630,0.030520,0.030520,0.091550
0.714070,0.002256,-0.002551,0.002354,0.002256,-0.002551,0.002354,0.000000,0.030520,0.030520
0.724120,0.002845,-0.004316,0.003041,0.002845,-0.004316,0.003041,0.000000,0.000000,0.030520
0.734210,0.001079,-0.003728,0.001177,0.001079,-0.003728,0.001177,-0.030520,0.030520,0.061040
0.744290,-0.003139,-0.012655,0.009614,-0.003139,-0.012655,0.009614,-0.030520,0.030520,0.030520
0.754370,-0.004316,-0.009712,0.005396,-0.004316,-0.009712,0.005396,0.000000,0.030520,-0.030520
0.764470,-0.008535,-0.014519,0.006573,-0.008535,-0.014519,0.006573,0.000000,0.030520,0.000000
0.774530,-0.010889,-0.009123,0.013734,-0.010889,-0.009123,0.013734,-0.030520,0.030520,0.000000
0.784630,0.000491,-0.011478,0.008339,0.000491,-0.011478,0.008339,0.000000,0.030520,0.000000
0.794690,0.000491,-0.007259,0.013734,0.000491,-0.007259,0.013734,0.000000,0.061040,0.000000
0.805550,-0.008535,-0.006082,0.019718,-0.008535,-0.006082,0.019718,-0.061040,0.030520,0.000000
0.816410,-0.008535,-0.009123,0.009025,-0.008535,-0.009123,0.009025,-0.030520,0.030520,0.030520
0.826790,-0.010889,-0.008535,0.004807,-0.010889,-0.008535,0.004807,0.000000,-0.030520,0.061040
0.836610,-0.005494,-0.013244,0.005396,-0.005494,-0.013244,0.005396,0.000000,-0.030520,0.061040
0.846700,-0.008535,-0.006082,0.004807,-0.008535,-0.006082,0.004807,-0.030520,0.000000,0.030520
0.856790,-0.005494,-0.007946,0.002354,-0.005494,-0.007946,0.002354,-0.030520,0.030520,0.030520
0.866900,-0.007259,-0.007946,-0.003041,-0.007259,-0.007946,-0.003041,-0.030520,0.000000,0.030520
0.877020,-0.003728,-0.010889,-0.004218,-0.003728,-0.010889,-0.004218,-0.030520,0.000000,0.030520
0.887090,-0.006671,-0.010301,-0.005984,-0.006671,-0.010301,-0.005984,-0.030520,0.000000,0.030520
0.897190,-0.006082,-0.010301,-0.004807,-0.006082,-0.010301,-0.004807,0.000000,-0.030520,0.061040
0.907130,-0.001962,-0.002551,0.003041,-0.001962,-0.002551,0.003041,0.030520,-0.030520,0.091550
0.916870,-0.003139,-0.001275,0.002354,-0.003139,-0.001275,0.002354,0.030520,0.000000,0.061040
0.926950,-0.004316,-0.010301,0.001766,-0.004316,-0.010301,0.001766,0.000000,0.000000,0.061040
0.937050,-0.000687,-0.007946,0.005396,-0.000687,-0.007946,0.005396,0.030520,0.000000,0.030520
0.947140,-0.000687,-0.003139,0.007750,-0.000687,-0.003139,0.007750,0.061040,0.000000,0.030520
0.957230,-0.007259,-0.001864,0.001766,-0.007259,-0.001864,0.001766,0.061040,0.000000,0.030520
0.967320,-0.007946,-0.002551,0.000589,-0.007946,-0.002551,0.000589,0.030520,0.030520,0.000000
0.977450,-0.016285,-0.000687,0.003630,-0.016285,-0.000687,0.003630,0.030520,0.030520,0.000000
0.987550,-0.015107,-0.001864,0.008339,-0.015107,-0.001864,0.008339,0.030520,0.030520,0.000000
0.997600,-0.006671,0.003434,0.005396,-0.006671,0.003434,0.005396,0.000000,0.000000,0.030520
1.008080,-0.006082,-0.002551,0.001766,-0.006082,-0.002551,0.001766,0.030520,0.030520,0.091550
1.018490,-0.010889,-0.003728,0.001766,-0.010889,-0.003728,0.001766,0.030520,0.000000,0.000000
1.028630,-0.012066,0.002256,-0.000589,-0.012066,0.002256,-0.000589,0.030520,0.000000,0.030520
1.038670,-0.009712,-0.001275,-0.001766,-0.009712,-0.001275,-0.001766,0.030520,-0.030520,0.030520
1.048780,-0.005494,0.004120,0.006573,-0.005494,0.004120,0.006573,0.000000,0.000000,0.030520
1.058870,-0.008535,0.004120,0.011380,-0.008535,0.004120,0.011380,0.030520,-0.061040,0.030520
1.069110,-0.001962,-0.005494,0.004807,-0.001962,-0.005494,0.004807,0.061040,-0.030520,0.000000
1.079090,0.001668,-0.006671,0.005984,0.001668,-0.006671,0.005984,0.030520,-0.030520,0.030520
1.089190,0.001668,-0.008535,0.008339,0.001668,-0.008535,0.008339,0.000000,0.000000,0.000000
1.099280,0.003434,-0.003728,0.009614,0.003434,-0.003728,0.009614,0.000000,0.000000,0.000000
1.109330,-0.006671,-0.004316,0.009614,-0.006671,-0.004316,0.009614,0.000000,0.030520,-0.030520
1.118990,-0.007946,-0.000098,0.006573,-0.007946,-0.000098,0.006573,0.030520,0.030520,0.030520
1.129070,-0.001962,0.005886,0.003630,-0.001962,0.005886,0.003630,0.000000,0.000000,0.000000
1.139300,-0.008535,0.006475,0.007750,-0.008535,0.006475,0.007750,0.030520,0.000000,0.030520
1.149420,-0.005494,0.010693,0.013145,-0.005494,0.010693,0.013145,0.061040,0.000000,0.030520
1.159390,-0.002551,0.011281,0.009614,-0.002551,0.011281,0.009614,0.061040,0.000000,0.000000
1.169460,-0.004316,0.010104,0.010202,-0.004316,0.010104,0.010202,0.030520,0.000000,0.030520
1.179540,-0.001275,0.000491,0.006573,-0.001275,0.000491,0.006573,0.061040,-0.030520,0.000000
1.189690,-0.001275,0.003434,0.016775,-0.001275,0.003434,0.016775,0.061040,0.000000,-0.030520
1.199770,-0.001275,0.004120,0.022171,-0.001275,0.004120,0.022171,0.030520,0.030520,0.000000
1.210080,-0.005494,0.002845,0.013734,-0.005494,0.002845,0.013734,0.030520,0.000000,-0.030520
1.220110,-0.003728,0.004120,0.011968,-0.003728,0.004120,0.011968,0.030520,0.030520,-0.030520
1.230370,0.001668,0.003434,0.003630,0.001668,0.003434,0.003630,0.000000,0.000000,0.000000
1.240180,-0.000098,0.002256,0.006573,-0.000098,0.002256,0.006573,0.000000,0.000000,0.030520
1.250280,-0.003728,-0.002551,0.008339,-0.003728,-0.002551,0.008339,0.030520,0.030520,0.000000
1.260360,-0.008535,-0.004905,0.007161,-0.008535,-0.004905,0.007161,0.030520,0.030520,0.030520
1.270530,-0.010889,-0.003728,0.005984,-0.010889,-0.003728,0.005984,0.030520,0.000000,0.030520
1.280590,-0.012066,-0.001864,0.000589,-0.012066,-0.001864,0.000589,0.061040,0.000000,0.030520
1.290670,-0.015107,-0.004316,0.005396,-0.015107,-0.004316,0.005396,0.061040,0.030520,0.030520
1.300770,-0.009712,-0.003728,0.005984,-0.009712,-0.003728,0.005984,0.061040,0.061040,0.030520
1.310900,-0.006082,0.001668,0.011380,-0.006082,0.001668,0.011380,0.030520,0.030520,0.030520
1.320990,-0.005494,-0.003728,0.004807,-0.005494,-0.003728,0.004807,0.030520,0.000000,0.030520
1.331070,0.001079,-0.008535,0.010791,0.001079,-0.008535,0.010791,0.091550,0.000000,0.030520
1.341310,0.003434,-0.009712,0.013145,0.003434,-0.009712,0.013145,0.030520,0.061040,0.030520
1.351410,-0.000687,-0.006082,0.011380,-0.000687,-0.006082,0.011380,0.030520,0.030520,0.030520
1.361600,-0.001962,-0.008535,0.003041,-0.001962,-0.008535,0.003041,0.061040,0.030520,0.030520
1.371630,-0.007259,-0.006082,-0.002354,-0.007259,-0.006082,-0.002354,0.061040,0.000000,0.030520
1.381720,-0.007946,-0.005494,-0.002354,-0.007946,-0.005494,-0.002354,0.061040,0.030520,0.030520
1.391840,0.000491,-0.009712,0.009614,0.000491,-0.009712,0.009614,0.000000,0.000000,0.030520
1.401910,-0.001275,-0.007946,0.010791,-0.001275,-0.007946,0.010791,0.000000,0.030520,0.030520
1.412370,-0.006082,-0.007946,0.014323,-0.006082,-0.007946,0.014323,0.030520,0.030520,0.030520
1.422790,-0.001962,-0.000098,0.005396,-0.001962,-0.000098,0.005396,0.030520,0.030520,0.000000
1.432900,0.002845,0.000491,0.011380,0.002845,0.000491,0.011380,0.000000,0.000000,0.030520
1.442980,-0.001275,-0.004316,0.020993,-0.001275,-0.004316,0.020993,0.000000,0.000000,0.030520
1.453080,-0.002551,-0.002551,0.019130,-0.002551,-0.002551,0.019130,0.000000,-0.030520,0.030520
1.463170,0.001668,-0.004316,0.011968,0.001668,-0.004316,0.011968,0.030520,0.030520,0.061040
1.473270,0.001079,-0.003728,0.011968,0.001079,-0.003728,0.011968,0.030520,0.061040,0.000000
1.483370,0.003434,-0.001864,0.018541,0.003434,-0.001864,0.018541,0.030520,0.030520,0.000000
1.493480,-0.000098,-0.004905,0.017952,-0.000098,-0.004905,0.017952,0.030520,0.030520,0.000000
1.503570,-0.001962,-0.008535,0.009025,-0.001962,-0.008535,0.009025,0.061040,0.030520,0.030520
1.513500,-0.001275,-0.007946,0.011968,-0.001275,-0.007946,0.011968,0.030520,0.061040,0.000000
1.523250,0.000491,-0.003728,0.011380,0.000491,-0.003728,0.011380,0.000000,0.030520,0.000000
1.533340,-0.005494,0.008240,0.009614,-0.005494,0.008240,0.009614,0.030520,0.061040,0.030520
1.543420,-0.003139,0.001079,0.012557,-0.003139,0.001079,0.012557,0.061040,0.061040,0.000000
1.553520,-0.003139,-0.000687,0.011968,-0.003139,-0.000687,0.011968,0.061040,0.030520,0.030520
1.563610,-0.001962,0.001079,0.009614,-0.001962,0.001079,0.009614,0.061040,0.030520,0.061040
1.573700,-0.001275,0.004120,0.013734,-0.001275,0.004120,0.013734,0.030520,0.030520,0.030520
1.583790,-0.004905,0.004709,0.011380,-0.004905,0.004709,0.011380,0.000000,0.030520,0.000000
1.593890,-0.007259,0.000491,0.015598,-0.007259,0.000491,0.015598,0.000000,0.030520,0.030520
1.603960,-0.000687,-0.005494,0.015598,-0.000687,-0.005494,0.015598,0.030520,0.030520,0.030520
1.614430,-0.003139,-0.001864,0.019130,-0.003139,-0.001864,0.019130,0.030520,0.030520,0.030520
1.624820,-0.004316,0.005297,0.014323,-0.004316,0.005297,0.014323,0.000000,0.061040,0.030520
1.634950,-0.007946,0.009418,0.013734,-0.007946,0.009418,0.013734,0.000000,0.000000,0.030520
1.645020,-0.011478,0.010693,0.013145,-0.011478,0.010693,0.013145,0.000000,0.030520,0.000000
1.655110,-0.019326,0.009418,0.013734,-0.019326,0.009418,0.013734,0.030520,0.061040,0.000000
1.665210,-0.012066,0.009418,0.012557,-0.012066,0.009418,0.012557,0.030520,0.061040,-0.030520
1.675300,-0.005494,0.004709,0.009025,-0.005494,0.004709,0.009025,0.030520,0.061040,0.030520
1.685450,-0.006082,0.001668,0.006573,-0.006082,0.001668,0.006573,0.030520,0.030520,0.030520
1.695510,-0.010889,-0.003139,0.004807,-0.010889,-0.003139,0.004807,0.030520,0.030520,0.000000
1.705600,-0.003728,0.002845,0.011968,-0.003728,0.002845,0.011968,0.030520,0.030520,0.000000
1.715570,-0.009123,0.001668,0.011968,-0.009123,0.001668,0.011968,0.030520,0.000000,0.000000
1.725290,0.002256,0.006475,0.005396,0.002256,0.006475,0.005396,0.061040,-0.030520,0.000000
1.735370,0.001668,0.009418,0.010791,0.001668,0.009418,0.010791,0.061040,0.000000,0.030520
1.745470,0.001668,0.004120,0.017364,0.001668,0.004120,0.017364,0.091550,0.030520,0.030520
1.755560,0.003434,-0.007946,0.020993,0.003434,-0.007946,0.020993,0.061040,0.030520,0.000000
1.765650,0.003434,-0.006671,0.016775,0.003434,-0.006671,0.016775,0.030520,0.030520,0.000000
1.775740,-0.000687,-0.006671,0.010202,-0.000687,-0.006671,0.010202,0.030520,0.061040,0.030520
1.785840,-0.001962,-0.006671,0.017364,-0.001962,-0.006671,0.017364,0.030520,0.061040,0.030520
1.795920,-0.007259,-0.002551,0.016775,-0.007259,-0.002551,0.016775,0.030520,0.061040,0.030520
1.806010,-0.008535,0.002256,0.011380,-0.008535,0.002256,0.011380,0.030520,0.030520,0.000000
1.816520,-0.010301,0.001079,0.010791,-0.010301,0.001079,0.010791,0.061040,0.030520,0.000000
1.826890,-0.000098,0.001079,0.011968,-0.000098,0.001079,0.011968,0.061040,0.000000,0.000000
1.836970,-0.004316,0.012459,0.016186,-0.004316,0.012459,0.016186,0.030520,0.000000,-0.030520
1.847060,-0.004316,0.008829,0.019130,-0.004316,0.008829,0.019130,0.000000,-0.030520,0.000000
1.857180,-0.000098,0.005297,0.016775,-0.000098,0.005297,0.016775,0.030520,0.000000,0.030520
1.867260,-0.000687,0.001668,0.011968,-0.000687,0.001668,0.011968,0.030520,0.000000,0.000000
1.877360,-0.006671,-0.001275,0.005396,-0.006671,-0.001275,0.005396,0.030520,0.000000,0.000000
1.887450,-0.005494,-0.004905,0.011968,-0.005494,-0.004905,0.011968,0.030520,0.000000,0.000000
1.897550,-0.004316,-0.008535,0.012557,-0.004316,-0.008535,0.012557,0.061040,0.030520,0.000000
1.907650,-0.001275,-0.006671,0.008339,-0.001275,-0.006671,0.008339,0.061040,0.030520,0.030520
1.917590,-0.000687,-0.004316,0.007161,-0.000687,-0.004316,0.007161,0.061040,0.061040,0.000000
1.927330,-0.004316,-0.006082,0.003041,-0.004316,-0.006082,0.003041,0.030520,0.000000,0.030520
1.937510,-0.004905,-0.006082,0.011968,-0.004905,-0.006082,0.011968,0.030520,0.000000,0.061040
1.947600,0.007063,-0.012066,0.011380,0.007063,-0.012066,0.011380,0.030520,0.000000,0.061040
1.957690,0.005297,-0.013244,0.008339,0.005297,-0.013244,0.008339,0.030520,0.030520,0.061040
1.967780,0.001079,-0.015107,0.004807,0.001079,-0.015107,0.004807,0.030520,0.030520,0.091550
1.977870,-0.004316,-0.003139,0.005984,-0.004316,-0.003139,0.005984,0.000000,0.030520,0.061040
1.987960,-0.009712,0.000491,0.006573,-0.009712,0.000491,0.006573,0.030520,0.061040,0.061040
1.998050,-0.003728,-0.006082,0.009614,-0.003728,-0.006082,0.009614,0.030520,0.030520,0.061040
2.008130,-0.003139,-0.004905,0.008339,-0.003139,-0.004905,0.008339,0.061040,0.061040,0.061040
2.018580,-0.008535,-0.008535,0.006573,-0.008535,-0.008535,0.006573,0.030520,0.030520,0.091550
2.029000,-0.006082,-0.006671,0.011380,-0.006082,-0.006671,0.011380,0.030520,0.030520,0.061040
2.039080,-0.006671,-0.007946,0.016775,-0.006671,-0.007946,0.016775,0.030520,0.061040,0.030520
2.049180,-0.000098,-0.006671,0.014323,-0.000098,-0.006671,0.014323,0.000000,0.030520,0.000000
2.059270,-0.001275,-0.001864,0.005396,-0.001275,-0.001864,0.005396,0.030520,0.061040,0.000000
2.069380,-0.002551,-0.001275,0.007161,-0.002551,-0.001275,0.007161,0.030520,0.061040,0.000000
2.079470,-0.013244,0.002845,0.010202,-0.013244,0.002845,0.010202,0.030520,0.030520,0.000000
2.089570,-0.005494,0.001079,0.017364,-0.005494,0.001079,0.017364,0.030520,0.000000,0.000000
2.099670,-0.009712,0.000491,0.014323,-0.009712,0.000491,0.014323,0.030520,0.000000,0.030520
2.109760,-0.011478,-0.000098,0.007161,-0.011478,-0.000098,0.007161,0.030520,0.000000,0.061040
2.120780,-0.003139,0.002845,0.005396,-0.003139,0.002845,0.005396,0.030520,0.000000,0.061040
2.129990,-0.002551,0.002256,0.009614,-0.002551,0.002256,0.009614,0.000000,0.000000,0.030520
2.140220,0.001668,0.002256,0.016186,0.001668,0.002256,0.016186,0.030520,0.030520,0.061040
2.150210,0.001668,-0.000687,0.013145,0.001668,-0.000687,0.013145,0.030520,0.030520,0.061040
2.160300,0.002256,0.001079,0.007750,0.002256,0.001079,0.007750,0.030520,0.000000,0.061040
2.170400,-0.003139,-0.001275,0.003630,-0.003139,-0.001275,0.003630,0.091550,0.000000,0.030520
2.180550,-0.020503,-0.042673,0.011380,-0.020503,-0.042673,0.011380,0.122070,-0.091550,-0.762940
2.190620,0.110657,-0.212681,0.028743,0.110657,-0.212681,0.028743,0.091550,-0.305180,-2.777100
2.201020,0.175305,-0.285079,0.022759,0.175305,-0.285079,0.022759,-0.061040,-0.488280,-5.157470
2.211780,0.202282,-0.270167,-0.026978,0.202282,-0.270167,-0.026978,-0.152590,-0.915530,-9.063720
2.220890,0.170498,-0.196494,0.021582,0.170498,-0.196494,0.021582,0.030520,-1.037600,-10.192870
2.230230,0.052582,-0.064746,0.038357,0.052582,-0.064746,0.038357,-0.152590,-1.129150,-11.322020
2.240240,0.002845,0.059154,0.009614,0.002845,0.059154,0.009614,0.091550,-1.159670,-10.925290
2.250360,-0.098885,0.209444,-0.003630,-0.098885,0.209444,-0.003630,-0.213620,-0.610350,-6.988530
2.260560,-0.172558,0.220823,-0.003630,-0.172558,0.220823,-0.003630,-0.122070,-0.427250,-5.126950
2.270630,-0.128805,0.180700,-0.007161,-0.128805,0.180700,-0.007161,-0.122070,-0.335690,-3.936770
2.280870,-0.080933,0.108302,0.010202,-0.080933,0.108302,0.010202,-0.122070,-0.152590,-2.258300
2.290950,-0.062392,0.078970,0.015009,-0.062392,0.078970,0.015009,-0.122070,-0.122070,-1.678470
2.301120,-0.041398,0.046009,0.012557,-0.041398,0.046009,0.012557,-0.061040,-0.030520,-1.007080
2.311280,-0.034826,0.032864,0.010202,-0.034826,0.032864,0.010202,-0.030520,-0.030520,-0.762940
2.320630,-0.027076,0.022072,0.010791,-0.027076,0.022072,0.010791,-0.061040,-0.061040,-0.457760
2.329040,-0.021680,0.018443,0.014323,-0.021680,0.018443,0.014323,-0.030520,-0.030520,-0.366210
2.339140,-0.025310,0.013047,0.011380,-0.025310,0.013047,0.011380,-0.061040,0.000000,-0.305180
2.349360,-0.019326,0.008240,0.010202,-0.019326,0.008240,0.010202,-0.061040,0.030520,-0.183110
2.359290,-0.014519,0.000491,0.006573,-0.014519,0.000491,0.006573,-0.030520,0.000000,-0.152590
2.369330,-0.008535,0.002256,0.004218,-0.008535,0.002256,0.004218,-0.030520,0.030520,-0.061040
2.379400,-0.010301,0.004120,0.008339,-0.010301,0.004120,0.008339,0.000000,0.030520,-0.030520
2.389500,-0.009712,0.001668,0.012557,-0.009712,0.001668,0.012557,0.061040,0.030520,0.000000
2.399540,-0.008535,-0.000687,0.011968,-0.008535,-0.000687,0.011968,0.030520,0.061040,0.000000
2.409600,-0.009123,0.002845,0.009025,-0.009123,0.002845,0.009025,0.000000,0.030520,0.000000
2.419780,-0.012066,0.000491,0.005396,-0.012066,0.000491,0.005396,0.030520,0.000000,0.000000
2.429750,-0.010889,0.002256,0.010791,-0.010889,0.002256,0.010791,0.000000,0.000000,0.000000
2.439800,-0.003728,-0.003139,0.009614,-0.003728,-0.003139,0.009614,0.000000,0.000000,0.000000
2.449870,0.001668,-0.003139,0.005984,0.001668,-0.003139,0.005984,0.030520,0.000000,0.030520
2.459930,-0.002551,0.000491,0.010202,-0.002551,0.000491,0.010202,0.061040,0.030520,0.061040
2.470000,-0.001275,-0.000687,0.010202,-0.001275,-0.000687,0.010202,0.061040,0.030520,0.030520
2.480070,-0.004316,0.002845,0.015598,-0.004316,0.002845,0.015598,0.061040,0.030520,0.030520
2.490410,-0.011478,0.000491,0.018541,-0.011478,0.000491,0.018541,0.030520,0.030520,0.061040
2.500210,-0.014519,-0.003139,0.017952,-0.014519,-0.003139,0.017952,0.030520,0.061040,0.030520
2.510270,-0.009123,-0.003728,0.016186,-0.009123,-0.003728,0.016186,0.000000,0.030520,0.061040
2.520330,-0.004905,0.000491,0.009025,-0.004905,0.000491,0.009025,0.000000,0.030520,0.061040
2.530400,-0.001962,-0.000098,0.007750,-0.001962,-0.000098,0.007750,0.000000,0.030520,0.030520
2.540460,0.000491,-0.000687,0.011380,0.000491,-0.000687,0.011380,0.000000,0.000000,0.030520
2.550540,-0.000098,-0.000687,0.015598,-0.000098,-0.000687,0.015598,-0.030520,-0.030520,0.000000
2.560600,-0.000098,0.009418,0.015009,-0.000098,0.009418,0.015009,-0.061040,-0.030520,0.000000
2.570670,-0.001962,0.003434,0.011968,-0.001962,0.003434,0.011968,-0.030520,0.000000,0.030520
2.580730,-0.003139,0.002256,0.015009,-0.003139,0.002256,0.015009,-0.030520,-0.030520,0.000000
2.590810,-0.002551,0.005297,0.021582,-0.002551,0.005297,0.021582,0.000000,0.000000,0.000000
2.600870,-0.006082,0.000491,0.017364,-0.006082,0.000491,0.017364,-0.030520,0.000000,-0.030520
2.610930,-0.001962,0.004120,0.019718,-0.001962,0.004120,0.019718,0.000000,0.000000,-0.030520
2.621020,-0.001275,0.001079,0.017364,-0.001275,0.001079,0.017364,0.030520,0.000000,0.000000
2.631070,0.002256,0.003434,0.020405,0.002256,0.003434,0.020405,0.030520,0.000000,0.000000
2.641130,-0.000687,0.005886,0.022759,-0.000687,0.005886,0.022759,0.030520,0.030520,-0.030520
2.651190,-0.005494,0.003434,0.026389,-0.005494,0.003434,0.026389,0.030520,0.000000,0.000000
2.661260,-0.000098,-0.001864,0.023936,-0.000098,-0.001864,0.023936,0.030520,0.030520,0.000000
2.671330,-0.002551,-0.001275,0.017952,-0.002551,-0.001275,0.017952,0.000000,0.000000,-0.030520
2.681390,-0.009123,0.001668,0.022759,-0.009123,0.001668,0.022759,0.030520,0.030520,-0.030520
2.691460,-0.009712,-0.000687,0.026978,-0.009712,-0.000687,0.026978,0.000000,0.061040,-0.030520
2.701520,-0.005494,0.004709,0.025114,-0.005494,0.004709,0.025114,-0.061040,0.091550,0.000000
2.711590,-0.005494,0.008829,0.023348,-0.005494,0.008829,0.023348,-0.030520,0.091550,0.000000
2.721660,-0.014519,0.010104,0.022759,-0.014519,0.010104,0.022759,-0.061040,0.122070,0.030520
2.731720,-0.045028,0.051993,0.021582,-0.045028,0.051993,0.021582,0.000000,0.091550,0.152590
2.741790,-0.022857,0.017266,0.016775,-0.022857,0.017266,0.016775,0.061040,0.091550,0.305180
2.751860,0.005297,-0.023446,0.028743,0.005297,-0.023446,0.028743,0.091550,0.091550,0.305180
2.761920,0.004120,-0.013244,0.026389,0.004120,-0.013244,0.026389,0.122070,0.091550,0.274660
2.771990,-0.055819,-0.004316,0.025114,-0.055819,-0.004316,0.025114,0.152590,0.061040,0.518800
2.782050,-0.093489,0.000491,0.028155,-0.093489,0.000491,0.028155,0.152590,0.091550,1.159670
2.792130,-0.106733,-0.022857,0.029332,-0.106733,-0.022857,0.029332,0.274660,0.213620,2.929690
2.802190,-0.010889,-0.010889,0.032962,-0.010889,-0.010889,0.032962,0.274660,0.213620,2.990720
2.812250,-0.049246,0.013047,0.021582,-0.049246,0.013047,0.021582,0.335690,0.213620,3.265380
2.822320,-0.116249,0.013636,0.021582,-0.116249,0.013636,0.021582,0.152590,0.366210,4.058840
2.832390,-0.137830,0.054936,0.014323,-0.137830,0.054936,0.014323,0.030520,0.396730,4.486080
2.842470,-0.169615,0.085543,0.008339,-0.169615,0.085543,0.008339,0.030520,0.518800,5.493160
2.852540,-0.151565,0.074752,0.029921,-0.151565,0.074752,0.029921,0.122070,0.579830,5.920410
2.862600,-0.171381,0.084268,-0.005396,-0.171381,0.084268,-0.005396,0.244140,0.671390,7.141110
2.872670,-0.279781,0.020209,0.018541,-0.279781,0.020209,0.018541,0.305180,0.671390,7.385250
2.882730,-0.341388,0.084268,0.011968,-0.341388,0.084268,0.011968,0.183110,0.762940,7.812500
2.892800,-0.516889,0.016677,0.029332,-0.516889,0.016677,0.029332,0.213620,0.701900,7.751460
2.902870,-0.571923,-0.028253,0.043066,-0.571923,-0.028253,0.043066,0.213620,0.610350,6.896970
2.912940,-0.558189,0.053170,0.008339,-0.558189,0.053170,0.008339,0.152590,0.457760,5.493160
2.923000,-0.479120,0.008240,0.002354,-0.479120,0.008240,0.002354,-0.030520,0.457760,4.608150
2.933070,-0.530623,-0.045616,0.026389,-0.530623,-0.045616,0.026389,0.091550,0.183110,2.075200
2.943140,-0.577907,0.008240,0.020405,-0.577907,0.008240,0.020405,-0.061040,0.152590,1.678470
2.953200,-0.467741,-0.033060,0.025114,-0.467741,-0.033060,0.025114,-0.122070,0.122070,1.098630
2.963260,-0.585657,0.037572,0.015598,-0.585657,0.037572,0.015598,-0.030520,0.183110,0.000000
2.973330,-0.617441,-0.051601,0.010791,-0.617441,-0.051601,0.010791,0.061040,0.061040,-0.610350
2.983400,-0.724567,-0.031883,0.081423,-0.724567,-0.031883,0.081423,0.457760,-0.030520,-1.281740
2.993520,-0.713874,0.060332,0.097021,-0.713874,0.060332,0.097021,0.335690,-0.030520,-0.946040
3.003540,-0.674928,0.021484,0.032962,-0.674928,0.021484,0.032962,0.274660,-0.152590,-1.068120
3.013610,-0.753310,-0.039044,-0.005984,-0.753310,-0.039044,-0.005984,-0.274660,-0.091550,-0.915530
3.023710,-0.812072,-0.107910,-0.006573,-0.812072,-0.107910,-0.006573,-0.244140,-0.213620,-1.678470
3.033750,-0.888099,-0.131258,0.097610,-0.888099,-0.131258,0.097610,0.396730,-0.091550,-3.051760
3.043840,-0.866517,-0.144992,0.074262,-0.866517,-0.144992,0.074262,0.091550,-0.122070,-3.570560
3.053880,-0.739576,-0.179131,0.019130,-0.739576,-0.179131,0.019130,-0.244140,-0.122070,-4.211430
3.063950,-0.697687,-0.095353,0.018541,-0.697687,-0.095353,0.018541,0.183110,-0.244140,-4.333500
3.074010,-0.667178,-0.101926,-0.012557,-0.667178,-0.101926,-0.012557,0.244140,-0.335690,-3.509520
3.084080,-0.680323,0.023250,0.018541,-0.680323,0.023250,0.018541,0.213620,-0.305180,-3.082280
3.094150,-0.625191,-0.006671,-0.005396,-0.625191,-0.006671,-0.005396,0.518800,-0.457760,-2.746580
3.104210,-0.682678,-0.030607,0.016775,-0.682678,-0.030607,0.016775,0.152590,-0.061040,-2.197270
3.114280,-0.697099,-0.030019,0.071809,-0.697099,-0.030019,0.071809,0.091550,0.030520,-1.617430
3.124340,-0.513259,-0.003728,-0.019130,-0.513259,-0.003728,-0.019130,0.152590,0.122070,0.061040
3.134410,-0.546809,-0.002551,0.010202,-0.546809,-0.002551,0.010202,0.091550,0.274660,1.342770
3.144480,-0.538961,-0.031883,0.088584,-0.538961,-0.031883,0.088584,0.305180,0.305180,3.234860
3.154540,-0.482162,-0.042673,0.000000,-0.482162,-0.042673,0.000000,0.335690,0.366210,3.784180
3.164630,-0.540237,-0.016285,-0.049737,-0.540237,-0.016285,-0.049737,0.396730,0.366210,4.272460
3.174690,-0.533566,0.025604,-0.043066,-0.533566,0.025604,-0.043066,0.213620,0.610350,5.493160
3.184750,-0.632451,0.008829,0.028155,-0.632451,0.008829,0.028155,0.152590,0.671390,5.645750
3.195000,-0.785683,-0.000098,0.026389,-0.785683,-0.000098,0.026389,0.000000,0.823970,5.645750
3.204940,-0.734769,0.104673,0.056898,-0.734769,0.104673,0.056898,-0.183110,0.701900,5.584720
3.215110,-0.724567,-0.037278,-0.006573,-0.724567,-0.037278,-0.006573,0.213620,0.915530,5.523680
3.225080,-0.757528,-0.053955,-0.017952,-0.757528,-0.053955,-0.017952,0.000000,0.793460,5.645750
3.235150,-0.686896,-0.007259,0.023936,-0.686896,-0.007259,0.023936,0.274660,0.732420,5.798340
3.245200,-0.722212,0.032864,0.147935,-0.722212,0.032864,0.147935,0.274660,0.732420,6.103520
3.255270,-0.658153,0.143618,-0.017952,-0.658153,0.143618,-0.017952,0.061040,0.701900,6.347660
3.265660,-0.645596,0.096923,-0.065237,-0.645596,0.096923,-0.065237,-0.091550,0.640870,7.019040
3.275560,-0.607239,0.103496,-0.046696,-0.607239,0.103496,-0.046696,0.335690,0.762940,7.476810
3.285520,-0.512671,0.173539,-0.075439,-0.512671,0.173539,-0.075439,0.244140,0.946040,8.178710
3.295590,-0.598312,0.051404,0.040712,-0.598312,0.051404,0.040712,0.305180,0.732420,8.575440
3.305650,-0.672476,-0.041987,0.097610,-0.672476,-0.041987,0.097610,0.488280,0.640870,8.728030
3.315870,-0.705437,-0.012066,0.098787,-0.705437,-0.012066,0.098787,0.305180,0.427250,7.476810
3.326760,-0.652757,-0.004905,0.057487,-0.652757,-0.004905,0.057487,-0.213620,0.335690,6.958010
3.336020,-0.493541,0.003434,-0.074262,-0.493541,0.003434,-0.074262,0.305180,0.061040,5.889890
3.346170,-0.357575,0.081914,-0.007750,-0.357575,0.081914,-0.007750,0.152590,0.091550,6.744380
3.356070,-0.407311,0.064550,-0.022759,-0.407311,0.064550,-0.022759,0.366210,0.274660,8.392330
3.366110,-0.625191,-0.055230,-0.020993,-0.625191,-0.055230,-0.020993,0.762940,0.457760,8.880620
3.376170,-0.674339,-0.267126,0.011380,-0.674339,-0.267126,0.011380,0.305180,0.213620,8.331300
3.386260,-0.736633,-0.292338,0.043753,-0.736633,-0.292338,0.043753,0.061040,-0.305180,4.455570
3.396310,-0.838951,-0.426441,0.004807,-0.838951,-0.426441,0.004807,0.000000,-0.579830,2.136230
3.406370,-0.672476,-0.261731,0.058075,-0.672476,-0.261731,0.058075,0.244140,-0.946040,-2.105710
3.416460,-0.500114,-0.139008,-0.162846,-0.500114,-0.139008,-0.162846,0.427250,-0.854490,-3.631590
3.426510,-0.413295,0.008240,-0.035316,-0.413295,0.008240,-0.035316,0.549320,-1.098630,-3.997800
3.436570,-0.246820,0.189137,-0.005984,-0.246820,0.189137,-0.005984,0.549320,-0.885010,-3.479000
3.446640,-0.315686,0.032864,-0.040712,-0.315686,0.032864,-0.040712,0.396730,-0.671390,-2.655030
3.456700,-0.358163,-0.013930,0.106537,-0.358163,-0.013930,0.106537,0.640870,-0.488280,-1.770020
3.466770,-0.442627,-0.106733,-0.068278,-0.442627,-0.106733,-0.068278,0.335690,-0.579830,-2.319340
3.476840,-0.446747,-0.199535,0.138910,-0.446747,-0.199535,0.138910,0.427250,-0.518800,-4.364010
3.486900,-0.468918,0.009418,0.073085,-0.468918,0.009418,0.073085,0.701900,-0.640870,-5.004880
3.496970,-0.376704,-0.013244,0.137144,-0.376704,-0.013244,0.137144,0.152590,-0.518800,-5.767820
3.507030,-0.170204,0.101632,-0.026389,-0.170204,0.101632,-0.026389,0.427250,-0.640870,-4.974370
3.517100,-0.126451,0.091527,-0.035905,-0.126451,0.091527,-0.035905,0.457760,-0.488280,-4.150390
3.527170,0.064550,0.084955,-0.014323,0.064550,0.084955,-0.014323,0.640870,-0.366210,-2.288820
3.537230,0.016677,-0.046205,-0.003630,0.016677,-0.046205,-0.003630,0.396730,0.030520,-1.647950
3.547300,0.056800,-0.066610,0.038357,0.056800,-0.066610,0.038357,0.732420,-0.335690,0.305180
3.557360,0.103496,0.046598,-0.040123,0.103496,0.046598,-0.040123,0.610350,-0.152590,0.946040
3.567430,0.054347,0.166966,0.135280,0.054347,0.166966,0.135280,-0.244140,0.061040,0.457760
3.577490,0.051404,0.099277,0.047284,0.051404,0.099277,0.047284,-0.152590,0.183110,0.610350
3.587570,-0.039632,0.007652,-0.058075,-0.039632,0.007652,-0.058075,-0.244140,0.183110,0.885010
3.597630,0.105261,0.077695,-0.083189,0.105261,0.077695,-0.083189,-0.061040,0.427250,0.091550
3.607690,0.078284,0.123802,-0.052091,0.078284,0.123802,-0.052091,0.305180,0.457760,0.061040
3.617760,0.038161,-0.062392,-0.194042,0.038161,-0.062392,-0.194042,0.244140,0.244140,-0.488280
3.627840,0.211209,0.053170,-0.098787,0.211209,0.053170,-0.098787,0.793460,0.457760,-0.091550
3.637890,0.242405,0.101632,-0.023936,0.242405,0.101632,-0.023936,0.488280,0.244140,1.770020
3.647960,0.266930,0.024427,0.093391,0.266930,0.024427,0.093391,0.122070,0.640870,2.471920
3.658020,0.206402,-0.008535,0.149701,0.206402,-0.008535,0.149701,0.000000,0.274660,3.570560
3.668090,0.030411,0.048952,0.082600,0.030411,0.048952,0.082600,-0.030520,0.305180,3.570560
3.678160,0.036395,-0.001864,-0.041300,0.036395,-0.001864,-0.041300,-0.152590,0.305180,3.906250
3.688220,0.122625,-0.013244,-0.171283,0.122625,-0.013244,-0.171283,-0.213620,0.946040,3.692630
3.698290,-0.070142,-0.268402,0.099964,-0.070142,-0.268402,0.099964,-0.183110,0.457760,2.929690
3.708350,0.008829,-0.314509,-0.030509,0.008829,-0.314509,-0.030509,-0.793460,0.457760,2.685550
3.718420,0.130964,-0.067787,-0.091625,0.130964,-0.067787,-0.091625,-0.061040,0.122070,2.777100
3.728490,0.186684,0.031588,-0.114385,0.186684,0.031588,-0.114385,0.335690,0.427250,3.326420
3.738550,0.073575,0.210032,-0.003630,0.073575,0.210032,-0.003630,-0.061040,0.488280,4.333500
3.748620,0.057389,0.189725,-0.028743,0.057389,0.189725,-0.028743,0.183110,0.488280,4.302980
3.758680,0.010693,0.112423,-0.077793,0.010693,0.112423,-0.077793,0.213620,0.366210,1.586910
3.768750,-0.226415,0.010104,0.016775,-0.226415,0.010104,0.016775,0.488280,-0.030520,-0.549320
3.778860,-0.171969,-0.103692,-0.038357,-0.171969,-0.103692,-0.038357,-0.152590,-0.366210,-4.364010
3.788940,-0.032471,0.155587,-0.067689,-0.032471,0.155587,-0.067689,0.518800,-0.427250,-5.798340
3.798990,-0.038455,0.202871,0.011380,-0.038455,0.202871,0.011380,0.213620,-0.122070,-6.408690
3.809050,0.209444,0.285471,0.049737,0.209444,0.285471,0.049737,-0.305180,-0.366210,-5.126950
3.819120,0.154998,0.189725,-0.070043,0.154998,0.189725,-0.070043,0.244140,-0.244140,-3.997800
3.829190,0.090939,0.280075,0.037769,0.090939,0.280075,0.037769,0.122070,0.091550,-0.549320
3.839250,-0.156960,0.064550,0.074850,-0.156960,0.064550,0.074850,-0.335690,0.030520,-0.030520
3.849320,-0.227003,0.047186,0.040712,-0.227003,0.047186,0.040712,-0.030520,0.091550,0.457760
3.859380,-0.219842,-0.018639,0.098198,-0.219842,-0.018639,0.098198,0.061040,0.152590,0.274660
3.869450,-0.242013,0.013636,-0.034139,-0.242013,0.013636,-0.034139,0.457760,-0.030520,-0.518800
3.879510,-0.156960,0.200516,-0.029332,-0.156960,0.200516,-0.029332,-0.061040,-0.122070,-2.380370
3.889580,-0.018639,0.213662,-0.091625,-0.018639,0.213662,-0.091625,-0.274660,-0.244140,-2.929690
3.899650,-0.101926,0.236421,-0.061705,-0.101926,0.236421,-0.061705,-0.305180,-0.244140,-3.112790
3.909710,-0.187567,0.175305,0.011968,-0.187567,0.175305,0.011968,-0.305180,-0.244140,-2.777100
3.919780,-0.383963,0.044243,0.069455,-0.383963,0.044243,0.069455,-0.122070,-0.213620,-2.563480
3.929840,-0.528857,-0.267715,0.078480,-0.528857,-0.267715,0.078480,-0.305180,-0.274660,-3.265380
3.939910,-0.519832,-0.165985,0.045518,-0.519832,-0.165985,0.045518,-0.427250,-0.183110,-3.997800
3.949980,-0.301265,-0.092312,0.119192,-0.301265,-0.092312,0.119192,-0.488280,-0.335690,-5.889890
3.960040,-0.238383,-0.029430,0.082600,-0.238383,-0.029430,0.082600,-0.122070,-0.671390,-6.958010
3.970110,-0.121644,0.029234,0.029921,-0.121644,0.029234,0.029921,-0.396730,-0.610350,-7.720950
3.980180,-0.123508,0.111245,0.028155,-0.123508,0.111245,0.028155,0.183110,-0.976560,-7.415770
3.990240,-0.133612,0.075341,0.204146,-0.133612,0.075341,0.204146,0.122070,-0.915530,-6.988530
4.000310,-0.142637,-0.034826,0.180210,-0.142637,-0.034826,0.180210,-0.244140,-0.823970,-5.401610
4.010370,-0.001962,-0.219253,0.054446,-0.001962,-0.219253,0.054446,-0.396730,-0.488280,-4.364010
4.020460,0.108891,0.080148,0.011968,0.108891,0.080148,0.011968,-0.152590,-0.488280,-4.547120
4.030510,0.172950,-0.009712,-0.116150,0.172950,-0.009712,-0.116150,-0.152590,-0.305180,-5.218510
4.040570,0.254373,0.096923,-0.077793,0.254373,0.096923,-0.077793,0.030520,-0.427250,-5.523680
4.050640,0.260946,0.197475,-0.056309,0.260946,0.197475,-0.056309,0.030520,-0.610350,-4.943850
4.060700,0.119584,0.256139,0.046696,0.119584,0.256139,0.046696,-0.274660,-0.518800,-3.814700
4.070770,0.095059,-0.031294,-0.085641,0.095059,-0.031294,-0.085641,-0.610350,-0.091550,-1.373290
4.080840,-0.046794,-0.136065,-0.034139,-0.046794,-0.136065,-0.034139,-0.579830,-0.122070,-0.732420
4.090910,0.090939,-0.110853,-0.111344,0.090939,-0.110853,-0.111344,-0.122070,-0.305180,-1.281740
4.100970,0.266930,-0.173147,-0.038946,0.266930,-0.173147,-0.038946,-0.091550,-0.427250,-2.105710
4.111030,0.227984,-0.010301,-0.027566,0.227984,-0.010301,-0.027566,-0.305180,-0.366210,-3.448490
4.121120,0.360910,0.207089,-0.209542,0.360910,0.207089,-0.209542,0.152590,-0.701900,-3.295900
4.131170,0.373467,0.248978,-0.099375,0.373467,0.248978,-0.099375,1.190190,-1.495360,-3.997800
4.141230,0.126255,0.188450,-0.126941,0.126255,0.188450,-0.126941,1.281740,-0.885010,-2.929690
4.151300,-0.018639,0.312449,0.103594,-0.018639,0.312449,0.103594,1.007080,-0.640870,-2.014160
4.161360,0.008240,0.013047,-0.294006,0.008240,0.013047,-0.294006,0.518800,-0.946040,-0.335690
4.171430,-0.154606,-0.122233,0.040123,-0.154606,-0.122233,0.040123,-1.220700,0.915530,0.915530
4.181500,-0.113306,-0.061214,0.101828,-0.113306,-0.061214,0.101828,-0.701900,0.579830,0.427250
4.191570,-0.026487,-0.088682,0.049737,-0.026487,-0.088682,0.049737,-0.732420,0.427250,0.061040
4.201630,0.001668,0.041202,-0.022759,0.001668,0.041202,-0.022759,-0.244140,0.122070,-0.152590
4.212300,0.180112,0.165789,-0.010202,0.180112,0.165789,-0.010202,-0.122070,0.244140,0.183110
4.221780,0.212485,0.304699,-0.020993,0.212485,0.304699,-0.020993,-0.183110,0.244140,1.495360
4.231850,-0.048069,0.066316,-0.077793,-0.048069,0.066316,-0.077793,-0.305180,0.579830,4.150390
4.241960,-0.242601,-0.107910,-0.095844,-0.242601,-0.107910,-0.095844,-0.701900,0.854490,4.547120
4.251970,-0.399463,-0.140185,0.081423,-0.399463,-0.140185,0.081423,-0.244140,0.244140,3.448490
4.262040,-0.641378,-0.186881,0.101141,-0.641378,-0.186881,0.101141,0.183110,-0.305180,1.556400
4.272110,-0.519243,-0.296458,-0.120957,-0.519243,-0.296458,-0.120957,0.274660,-0.640870,-0.152590
4.282170,-0.370720,-0.095942,0.005984,-0.370720,-0.095942,0.005984,0.366210,-0.671390,-2.624510
4.292390,-0.376704,-0.015696,-0.134691,-0.376704,-0.015696,-0.134691,-0.335690,-0.457760,-3.143310
4.302480,-0.312645,-0.000098,-0.110166,-0.312645,-0.000098,-0.110166,-0.427250,-0.183110,-3.326420
4.312450,-0.409077,-0.141460,0.080834,-0.409077,-0.141460,0.080834,-0.579830,0.274660,-2.593990
4.322490,-0.419279,-0.178542,0.082600,-0.419279,-0.178542,0.082600,-0.061040,-0.396730,-2.807620
4.332560,-0.344429,-0.362970,-0.032373,-0.344429,-0.362970,-0.032373,0.457760,-0.915530,-3.875730
4.342640,-0.393479,-0.295870,-0.053857,-0.393479,-0.295870,-0.053857,0.823970,-1.647950,-6.164550
4.352690,-0.176776,-0.143815,0.111932,-0.176776,-0.143815,0.111932,0.946040,-1.403810,-7.995610
4.362760,-0.085151,-0.119878,0.000589,-0.085151,-0.119878,0.000589,0.579830,-1.312260,-8.178710
4.372830,-0.027076,0.144796,-0.022759,-0.027076,0.144796,-0.022759,-1.190190,-0.091550,-7.171630
4.382890,-0.000098,0.154409,-0.113207,-0.000098,0.154409,-0.113207,-1.495360,0.396730,-5.981450
4.392970,-0.043262,0.114287,0.141264,-0.043262,0.114287,0.141264,0.030520,-0.427250,-3.662110
4.403030,-0.354632,-0.219253,-0.024525,-0.354632,-0.219253,-0.024525,0.274660,-0.640870,-2.655030
4.413100,-0.449200,-0.266538,0.084464,-0.449200,-0.266538,0.084464,0.183110,-0.213620,-2.502440
4.423290,-0.516889,-0.344429,-0.059252,-0.516889,-0.344429,-0.059252,0.579830,-1.434330,-6.500240
4.433270,-0.480886,-0.335404,-0.097610,-0.480886,-0.335404,-0.097610,0.976560,-1.922610,-8.422850
4.443320,-0.474902,-0.087505,0.137732,-0.474902,-0.087505,0.137732,1.800540,-2.746580,-11.505130
4.453380,-0.363559,-0.238972,-0.211405,-0.363559,-0.238972,-0.211405,1.525880,-2.777100,-12.542720
4.463450,-0.424086,-0.030019,0.201792,-0.424086,-0.030019,0.201792,1.159670,-2.014160,-12.939450
4.473510,-0.377293,-0.110264,-0.073673,-0.377293,-0.110264,-0.073673,1.251220,-2.349850,-12.725830
4.483580,-0.514436,-0.192276,0.163435,-0.514436,-0.192276,0.163435,2.685550,-2.899170,-13.458250
4.493650,-0.588110,-0.208463,-0.013734,-0.588110,-0.208463,-0.013734,0.640870,-1.708980,-14.312740
4.503710,-0.518655,-0.232988,0.171283,-0.518655,-0.232988,0.171283,-0.427250,-1.037600,-15.197750
4.513780,-0.193551,0.216605,-0.089173,-0.193551,0.216605,-0.089173,-0.427250,-1.403810,-16.418460
4.523840,-0.300677,0.214839,0.191001,-0.300677,0.214839,0.191001,-0.091550,-1.434330,-16.387940
4.533910,-0.191687,0.343546,0.068866,-0.191687,0.343546,0.068866,0.061040,-1.373290,-14.617920
4.543970,-0.231222,0.159118,0.201792,-0.231222,0.159118,0.201792,0.732420,-1.922610,-14.434810
4.554040,-0.122821,-0.039632,-0.040123,-0.122821,-0.039632,-0.040123,0.854490,-1.770020,-14.404300
4.564110,0.102220,0.105850,0.335894,0.102220,0.105850,0.335894,1.098630,-2.502440,-15.563960
4.574170,0.319610,0.017854,0.061705,0.319610,0.017854,0.061705,1.281740,-2.624510,-15.502930
4.584240,0.589679,0.121448,-0.046696,0.589679,0.121448,-0.046696,2.502440,-3.356930,-14.831540
4.594310,0.695627,0.171773,-0.167653,0.695627,0.171773,-0.167653,2.593990,-3.784180,-13.916020
4.604370,0.863869,0.377685,-0.074262,0.863869,0.377685,-0.074262,3.662110,-4.364010,-11.138920
4.614440,0.569863,0.305876,-0.055132,0.569863,0.305876,-0.055132,4.089360,-4.211430,-10.131840
4.624510,0.441744,0.222000,0.097021,0.441744,0.222000,0.097021,3.936770,-4.302980,-9.216310
4.634600,0.406428,0.071123,0.064648,0.406428,0.071123,0.064648,5.096440,-5.218510,-10.101320
4.644640,0.399856,-0.092901,-0.104771,0.399856,-0.092901,-0.104771,3.265380,-4.150390,-11.230470
4.654700,0.723193,-0.161767,-0.540041,0.723193,-0.161767,-0.540041,2.471920,-3.601070,-13.122560
4.664770,0.754291,0.309996,0.082012,0.754291,0.309996,0.082012,2.410890,-2.593990,-13.519290
4.674840,0.829141,0.272914,-0.082012,0.829141,0.272914,-0.082012,0.793460,-2.288820,-13.122560
4.684910,0.738791,0.345999,0.013734,0.738791,0.345999,0.013734,0.946040,-2.166750,-12.420650
4.694970,0.868676,0.360910,-0.249076,0.868676,0.360910,-0.249076,0.366210,-1.800540,-11.779790
4.705040,0.572315,0.338739,0.066414,0.572315,0.338739,0.066414,0.518800,-1.770020,-12.176510
4.715100,0.654916,0.250744,0.034139,0.654916,0.250744,0.034139,0.213620,-1.220700,-12.756350
4.725170,0.656681,0.433406,0.008339,0.656681,0.433406,0.008339,0.122070,-2.014160,-14.129640
4.735230,0.751348,0.357378,-0.172460,0.751348,0.357378,-0.172460,-0.030520,-1.586910,-14.709470
4.745300,0.774696,0.373467,-0.098787,0.774696,0.373467,-0.098787,-0.488280,-1.434330,-15.075680
4.755360,0.529151,0.429187,0.019130,0.529151,0.429187,0.019130,-0.122070,-1.739500,-14.831540
4.765430,0.510610,0.143618,-0.192767,0.510610,0.143618,-0.192767,-0.396730,-1.342770,-14.495850
4.775510,0.426833,0.293908,0.052680,0.426833,0.293908,0.052680,-0.549320,-1.586910,-14.862060
4.785560,0.351983,0.208266,0.044930,0.351983,0.208266,0.044930,0.305180,-1.434330,-14.526370
4.795640,0.491481,0.199830,0.022171,0.491481,0.199830,0.022171,-0.732420,-1.617430,-15.747070
4.805700,0.546515,0.259769,0.071221,0.546515,0.259769,0.071221,-0.396730,-1.647950,-16.357420
4.815760,0.619600,0.190903,-0.077205,0.619600,0.190903,-0.077205,-0.152590,-1.831050,-16.235350
4.825830,0.517772,0.143618,0.064059,0.517772,0.143618,0.064059,0.091550,-1.831050,-15.747070
4.835900,0.541708,0.174127,-0.028743,0.541708,0.174127,-0.028743,0.030520,-1.586910,-15.136720
4.845960,0.516006,0.343546,-0.057487,0.516006,0.343546,-0.057487,-0.030520,-1.495360,-13.671880
4.856020,0.587815,0.102318,-0.185605,0.587815,0.102318,-0.185605,-0.396730,-1.281740,-12.847900
4.866090,0.423792,0.108302,0.071221,0.423792,0.108302,0.071221,0.274660,-1.556400,-11.779790
4.876150,0.430365,0.016677,0.021582,0.430365,0.016677,0.021582,-0.122070,-1.586910,-11.993410
4.886250,0.504626,0.070534,-0.043066,0.504626,0.070534,-0.043066,-0.152590,-1.220700,-12.451170
4.896300,0.294496,0.068180,0.202969,0.294496,0.068180,0.202969,-0.427250,-1.007080,-12.451170
4.906360,0.429187,0.031588,0.034139,0.429187,0.031588,0.034139,0.183110,-1.556400,-12.847900
4.916450,0.420849,-0.049246,-0.035905,0.420849,-0.049246,-0.035905,0.335690,-1.708980,-12.634280
4.926500,0.392106,0.069945,0.074850,0.392106,0.069945,0.074850,-0.061040,-1.525880,-12.878420
4.936560,0.354337,0.084955,-0.042477,0.354337,0.084955,-0.042477,0.000000,-1.312260,-13.885500
4.946620,0.334031,0.151957,0.106537,0.334031,0.151957,0.106537,-0.244140,-1.373290,-14.129640
4.956690,0.433994,0.175893,-0.026978,0.433994,0.175893,-0.026978,0.091550,-1.678470,-14.648440
4.966760,0.428010,0.258592,0.013145,0.428010,0.258592,0.013145,-0.427250,-1.312260,-14.251710
4.976820,0.354926,0.138812,-0.062882,0.354926,0.138812,-0.062882,-0.396730,-1.220700,-14.068600
4.986890,0.460874,0.110657,-0.009614,0.460874,0.110657,-0.009614,-0.457760,-0.885010,-12.146000
4.996980,0.333344,0.174127,0.090448,0.333344,0.174127,0.090448,0.335690,-1.403810,-11.871340
5.007030,0.266342,0.040613,0.015009,0.266342,0.040613,0.015009,-0.427250,-1.373290,-11.383060
5.017090,0.302246,0.259769,0.183251,0.302246,0.259769,0.183251,-0.488280,-0.701900,-11.230470
5.027160,0.410058,0.130375,-0.135280,0.410058,0.130375,-0.135280,-0.640870,-1.098630,-11.077880
5.037270,0.360910,0.299892,0.128707,0.360910,0.299892,0.128707,-0.579830,-0.640870,-10.711670
5.047320,0.430953,0.153134,-0.022759,0.430953,0.153134,-0.022759,-0.244140,-1.190190,-10.772710
5.057380,0.413001,0.237598,0.034727,0.413001,0.237598,0.034727,-0.122070,-1.007080,-10.986330
5.067450,0.393871,0.110068,-0.019718,0.393871,0.110068,-0.019718,-0.091550,-1.190190,-11.199950
5.077510,0.460285,0.244760,-0.020405,0.460285,0.244760,-0.020405,0.061040,-1.159670,-10.833740
5.087580,0.596252,0.176482,-0.045518,0.596252,0.176482,-0.045518,-0.213620,-0.946040,-10.375980
5.097650,0.708184,0.228573,-0.069455,0.708184,0.228573,-0.069455,0.000000,-1.037600,-10.101320
5.107710,0.714168,0.315391,-0.035316,0.714168,0.315391,-0.035316,-0.183110,-1.098630,-10.498050
5.117780,0.753702,0.041202,0.038946,0.753702,0.041202,0.038946,-0.061040,-1.007080,-10.772710
5.127850,0.729177,0.337562,0.097610,0.729177,0.337562,0.097610,-0.396730,-0.976560,-11.718750
5.137910,0.959124,0.385533,-0.002354,0.959124,0.385533,-0.002354,-0.305180,-1.007080,-11.474610
5.147980,1.074685,0.520813,0.056898,1.074685,0.520813,0.056898,-0.549320,-0.885010,-8.697510
5.158050,1.338673,0.521402,-0.167653,1.338673,0.521402,-0.167653,0.366210,-0.793460,-7.781980
5.168110,1.182988,0.514829,-0.094568,1.182988,0.514829,-0.094568,0.061040,-0.671390,-6.042480
5.178180,1.031521,0.428010,-0.116739,1.031521,0.428010,-0.116739,-0.213620,-0.213620,-3.692630
5.188250,0.897419,0.407606,0.042477,0.897419,0.407606,0.042477,0.091550,-0.366210,-2.777100
5.198310,0.957848,0.339426,-0.099375,0.957848,0.339426,-0.099375,0.061040,-0.122070,-1.739500
5.208380,0.861514,0.466956,0.028155,0.861514,0.466956,0.028155,0.061040,0.122070,-1.525880
5.218570,0.921355,0.478924,-0.042477,0.921355,0.478924,-0.042477,0.000000,0.244140,-0.640870
5.228550,0.926162,0.560936,0.009025,0.926162,0.560936,0.009025,0.152590,0.183110,-0.274660
5.238600,0.982472,0.520813,-0.095844,0.982472,0.520813,-0.095844,0.213620,-0.030520,0.244140
5.248690,0.868087,0.623229,-0.077793,0.868087,0.623229,-0.077793,0.030520,0.091550,1.678470
5.258740,0.932735,0.470488,-0.013734,0.932735,0.470488,-0.013734,-0.213620,0.427250,2.990720
5.268800,0.939308,0.454301,-0.089173,0.939308,0.454301,-0.089173,0.335690,0.213620,4.180910
5.278940,0.957848,0.404074,0.003041,0.957848,0.404074,0.003041,0.030520,0.457760,4.669190
5.289060,0.999247,0.367483,-0.081423,0.999247,0.367483,-0.081423,-0.061040,0.579830,4.913330
5.299200,0.985415,0.278310,-0.016186,0.985415,0.278310,-0.016186,0.091550,0.488280,4.760740
5.309110,0.961478,0.286648,-0.049737,0.961478,0.286648,-0.049737,0.213620,0.305180,4.333500
5.319180,0.917137,0.189137,-0.024525,0.917137,0.189137,-0.024525,0.183110,0.305180,3.234860
5.329350,0.911153,0.291455,-0.022171,0.911153,0.291455,-0.022171,0.122070,0.335690,2.716060
5.339340,1.014746,0.238775,-0.018541,1.014746,0.238775,-0.018541,0.030520,0.274660,1.800540
5.349400,1.035740,0.215428,-0.036493,1.035740,0.215428,-0.036493,-0.061040,0.305180,1.281740
5.359450,1.044667,0.187273,-0.018541,1.044667,0.187273,-0.018541,-0.061040,0.213620,0.732420
5.369520,1.112356,0.144207,-0.010791,1.112356,0.144207,-0.010791,-0.152590,0.244140,0.732420
5.379590,1.092638,0.152546,-0.016186,1.092638,0.152546,-0.016186,-0.152590,0.183110,0.579830
5.389670,0.693861,0.132239,-0.019718,0.693861,0.132239,-0.019718,-0.183110,0.183110,0.396730
5.399830,0.554363,0.124391,-0.021582,0.554363,0.124391,-0.021582,-0.183110,0.183110,0.305180
5.409940,0.363362,0.123802,-0.010202,0.363362,0.123802,-0.010202,-0.183110,0.152590,0.152590
5.419890,0.298616,0.118995,-0.005984,0.298616,0.118995,-0.005984,-0.213620,0.183110,0.091550
5.429990,0.241130,0.113011,-0.005984,0.241130,0.113011,-0.005984,-0.213620,0.122070,0.000000
5.440020,0.170498,0.107616,-0.014323,0.170498,0.107616,-0.014323,-0.213620,0.122070,0.000000
5.450090,0.139989,0.104084,-0.015009,0.139989,0.104084,-0.015009,-0.213620,0.152590,0.000000
5.460160,0.104673,0.101632,-0.008339,0.104673,0.101632,-0.008339,-0.061040,0.091550,-0.030520
5.470220,0.096236,0.101632,0.001177,0.096236,0.101632,0.001177,0.000000,0.030520,0.000000
5.480290,0.089075,0.103496,-0.004807,0.089075,0.103496,-0.004807,0.091550,0.000000,0.000000
5.490360,0.086132,0.102318,-0.003630,0.086132,0.102318,-0.003630,0.152590,-0.061040,0.030520
5.500450,0.083679,0.099866,-0.005396,0.083679,0.099866,-0.005396,0.152590,-0.030520,0.061040
5.510490,0.084857,0.101043,-0.000589,0.084857,0.101043,-0.000589,0.122070,0.000000,0.061040
5.520550,0.083091,0.104084,0.006573,0.083091,0.104084,0.006573,0.122070,0.000000,0.061040
5.530620,0.074752,0.102318,0.001177,0.074752,0.102318,0.001177,0.091550,0.000000,0.030520
5.540690,0.075929,0.110068,0.001177,0.075929,0.110068,0.001177,0.061040,0.000000,0.000000
5.550750,0.070534,0.108302,-0.003630,0.070534,0.108302,-0.003630,0.061040,0.030520,0.030520
5.560820,0.074752,0.107027,-0.007161,0.074752,0.107027,-0.007161,0.061040,0.030520,0.000000
5.570880,0.081914,0.112423,-0.004218,0.081914,0.112423,-0.004218,0.030520,0.061040,0.000000
5.580950,0.090252,0.112423,-0.001177,0.090252,0.112423,-0.001177,0.030520,0.061040,-0.030520
5.591030,0.084857,0.111834,0.001766,0.084857,0.111834,0.001766,0.030520,0.030520,-0.030520
5.601080,0.071711,0.110068,-0.007161,0.071711,0.110068,-0.007161,0.030520,0.061040,-0.061040
5.611150,0.068180,0.114287,-0.005984,0.068180,0.114287,-0.005984,0.000000,0.061040,-0.061040
5.621220,0.057389,0.101043,0.000589,0.057389,0.101043,0.000589,0.000000,0.061040,-0.061040
5.631280,0.056800,0.099866,0.000000,0.056800,0.099866,0.000000,0.000000,0.091550,0.000000
5.641350,0.064550,0.099866,0.000000,0.064550,0.099866,0.000000,0.030520,0.030520,0.000000
5.651420,0.075341,0.104673,0.003630,0.075341,0.104673,0.003630,0.000000,0.000000,0.061040
5.661480,0.080148,0.105261,-0.002354,0.080148,0.105261,-0.002354,0.030520,0.030520,0.061040
5.671540,0.074752,0.108302,-0.005396,0.074752,0.108302,-0.005396,0.030520,0.000000,0.030520
5.681610,0.075929,0.098100,0.001177,0.075929,0.098100,0.001177,0.030520,0.000000,0.061040
5.691670,0.066904,0.095059,0.003630,0.066904,0.095059,0.003630,0.030520,0.030520,0.091550
5.701740,0.071123,0.092705,-0.000589,0.071123,0.092705,-0.000589,0.061040,0.030520,0.061040
5.711800,0.069357,0.092116,-0.001177,0.069357,0.092116,-0.001177,0.061040,0.030520,0.061040
5.721870,0.072888,0.092116,0.011968,0.072888,0.092116,0.011968,0.091550,0.030520,0.091550
5.731940,0.071711,0.098689,0.009614,0.071711,0.098689,0.009614,0.091550,0.030520,0.091550
5.742000,0.071711,0.099277,0.002354,0.071711,0.099277,0.002354,0.091550,0.030520,0.030520
5.752070,0.070534,0.108891,-0.000589,0.070534,0.108891,-0.000589,0.122070,0.000000,0.061040
5.762140,0.070534,0.107616,0.005984,0.070534,0.107616,0.005984,0.152590,-0.030520,0.030520
5.772200,0.070534,0.110068,0.013734,0.070534,0.110068,0.013734,0.152590,-0.030520,0.000000
5.782270,0.074752,0.110657,0.011380,0.074752,0.110657,0.011380,0.152590,-0.061040,0.030520
5.792340,0.081325,0.105261,0.003041,0.081325,0.105261,0.003041,0.152590,-0.061040,0.030520
5.802400,0.077107,0.110068,-0.001766,0.077107,0.110068,-0.001766,0.122070,-0.061040,0.061040
5.812470,0.070534,0.110068,0.005984,0.070534,0.110068,0.005984,0.122070,-0.030520,0.061040
5.822530,0.066316,0.108302,0.006573,0.066316,0.108302,0.006573,0.061040,-0.030520,0.030520
5.832600,0.069357,0.109480,0.004807,0.069357,0.109480,0.004807,0.030520,0.000000,0.061040
5.842660,0.068768,0.110657,0.002354,0.068768,0.110657,0.002354,0.000000,0.000000,0.091550
5.852730,0.069945,0.113011,-0.001766,0.069945,0.113011,-0.001766,-0.091550,0.061040,0.091550
5.862800,0.073575,0.114287,-0.000589,0.073575,0.114287,-0.000589,-0.061040,0.061040,0.061040
5.872860,0.071123,0.116052,0.000589,0.071123,0.116052,0.000589,-0.061040,0.061040,0.091550
5.882930,0.066316,0.117230,-0.004807,0.066316,0.117230,-0.004807,-0.030520,0.000000,0.061040
5.893000,0.069945,0.111245,-0.006573,0.069945,0.111245,-0.006573,0.030520,0.000000,0.030520
5.903060,0.075341,0.113698,-0.008339,0.075341,0.113698,-0.008339,0.061040,0.061040,0.030520
5.913170,0.071123,0.111834,-0.009025,0.071123,0.111834,-0.009025,0.030520,0.030520,0.000000
5.923200,0.072300,0.110068,-0.006573,0.072300,0.110068,-0.006573,0.030520,0.030520,0.030520
5.933260,0.065727,0.107616,-0.000589,0.065727,0.107616,-0.000589,0.030520,0.000000,0.061040
5.943330,0.067493,0.111245,0.000000,0.067493,0.111245,0.000000,0.030520,0.000000,0.030520
5.953400,0.073575,0.116052,-0.003041,0.073575,0.116052,-0.003041,0.000000,0.030520,0.030520
5.963460,0.074752,0.111245,-0.001177,0.074752,0.111245,-0.001177,0.000000,0.030520,0.030520
5.973530,0.079559,0.111245,0.003041,0.079559,0.111245,0.003041,0.030520,0.000000,0.061040
5.983590,0.082502,0.111834,0.009025,0.082502,0.111834,0.009025,0.030520,0.000000,0.061040
5.993670,0.081325,0.108302,0.009614,0.081325,0.108302,0.009614,0.061040,0.000000,0.030520
6.003730,0.076518,0.104084,0.007750,0.076518,0.104084,0.007750,0.061040,-0.030520,0.030520
6.013790,0.075341,0.106439,0.002354,0.075341,0.106439,0.002354,0.091550,-0.061040,0.061040
6.023860,0.078872,0.108891,0.011968,0.078872,0.108891,0.011968,0.091550,-0.030520,0.061040
6.033930,0.077107,0.112423,0.016186,0.077107,0.112423,0.016186,0.061040,-0.030520,0.030520
6.043990,0.075929,0.114875,0.009025,0.075929,0.114875,0.009025,0.030520,-0.030520,0.061040
6.054050,0.071123,0.116052,0.003630,0.071123,0.116052,0.003630,0.061040,-0.030520,0.030520
6.064120,0.073575,0.118407,0.005984,0.073575,0.118407,0.005984,0.061040,-0.030520,0.030520
6.074190,0.084268,0.116052,0.011968,0.084268,0.116052,0.011968,0.061040,-0.030520,0.030520
6.084250,0.074164,0.117230,0.004218,0.074164,0.117230,0.004218,0.061040,0.000000,0.000000
6.094320,0.076518,0.111834,-0.001177,0.076518,0.111834,-0.001177,0.091550,-0.030520,0.061040
6.104380,0.077695,0.110068,0.002354,0.077695,0.110068,0.002354,0.030520,-0.030520,0.000000
6.114450,0.074752,0.108302,0.006573,0.074752,0.108302,0.006573,0.061040,-0.030520,0.000000
6.124530,0.071123,0.112423,0.014323,0.071123,0.112423,0.014323,0.030520,0.000000,0.030520
6.134580,0.076518,0.115464,0.010202,0.076518,0.115464,0.010202,0.000000,0.000000,0.030520
6.144650,0.073575,0.114287,0.003630,0.073575,0.114287,0.003630,0.000000,0.030520,0.091550
6.154710,0.075929,0.112423,0.004218,0.075929,0.112423,0.004218,0.030520,0.030520,0.122070
6.164780,0.069945,0.114287,0.008339,0.069945,0.114287,0.008339,0.091550,0.091550,0.091550
6.174840,0.077695,0.077107,0.004807,0.077695,0.077107,0.004807,0.061040,0.091550,0.213620
6.184940,0.073575,0.048363,0.001177,0.073575,0.048363,0.001177,-0.030520,0.274660,2.136230
6.195000,0.096923,-0.031883,0.000000,0.096923,-0.031883,0.000000,0.000000,0.518800,4.333500
6.205120,0.118995,0.021484,0.006573,0.118995,0.021484,0.006573,0.122070,0.732420,6.439210
6.215270,0.054936,0.076518,-0.008339,0.054936,0.076518,-0.008339,0.244140,0.946040,9.307860
6.225220,0.080736,0.086132,0.017952,0.080736,0.086132,0.017952,0.183110,1.129150,10.162350
6.235420,0.123802,0.122036,-0.001177,0.123802,0.122036,-0.001177,0.213620,1.068120,10.498050
6.245370,0.117818,0.120859,0.011380,0.117818,0.120859,0.011380,0.213620,1.068120,10.467530
6.255440,0.116641,0.139989,-0.011380,0.116641,0.139989,-0.011380,0.152590,1.007080,9.796140
6.265500,0.090252,0.110068,0.005396,0.090252,0.110068,0.005396,0.122070,1.007080,9.613040
6.275570,0.048363,0.177757,-0.020405,0.048363,0.177757,-0.020405,0.244140,0.793460,8.880620
6.285630,0.040025,0.174716,-0.003630,0.040025,0.174716,-0.003630,0.061040,0.610350,5.828860
6.296040,0.054936,0.166378,-0.010202,0.054936,0.166378,-0.010202,0.061040,0.457760,4.547120
6.305840,0.068768,0.145973,-0.008339,0.068768,0.145973,-0.008339,0.091550,0.244140,2.929690
6.315860,0.066316,0.132827,-0.004218,0.066316,0.132827,-0.004218,0.030520,0.244140,2.380370
6.325920,0.062195,0.118995,0.003041,0.062195,0.118995,0.003041,-0.030520,0.213620,1.983640
6.335990,0.051993,0.112423,0.011968,0.051993,0.112423,0.011968,-0.030520,0.244140,2.075200
6.346070,0.057977,0.112423,0.003041,0.057977,0.112423,0.003041,-0.061040,0.274660,2.136230
6.356180,0.038848,0.254373,-0.001766,0.038848,0.254373,-0.001766,-0.122070,0.396730,3.479000
6.366200,0.081325,0.413590,-0.011380,0.081325,0.413590,-0.011380,0.030520,0.640870,6.591800
6.376270,0.149602,0.686700,-0.051503,0.149602,0.686700,-0.051503,0.274660,1.586910,15.991210
6.386390,0.144796,0.744775,0.046696,0.144796,0.744775,0.046696,0.366210,2.441410,21.881100
6.396440,0.237010,0.808246,-0.112521,0.237010,0.808246,-0.112521,0.274660,3.356930,33.111570
6.406510,0.209444,0.488440,-0.050325,0.209444,0.488440,-0.050325,0.213620,4.272460,38.482670
6.416550,0.204637,0.475295,-0.109578,0.204637,0.475295,-0.109578,1.068120,3.967290,41.992190
6.426610,-0.006671,0.090252,0.096432,-0.006671,0.090252,0.096432,0.671390,4.669190,42.755130
6.436690,0.107616,0.075929,-0.084464,0.107616,0.075929,-0.084464,0.976560,4.241940,41.595460
6.446740,-0.004905,-0.303129,0.115562,-0.004905,-0.303129,0.115562,0.335690,4.150390,37.414550
6.456810,0.072888,-0.080933,-0.026389,0.072888,-0.080933,-0.026389,0.762940,3.509520,34.027100
6.466870,-0.001275,-0.292338,0.110166,-0.001275,-0.292338,0.110166,0.427250,2.838130,27.893070
6.477100,0.016088,-0.111442,-0.024525,0.016088,-0.111442,-0.024525,0.549320,2.410890,25.299070
6.487170,-0.025898,-0.223472,0.067689,-0.025898,-0.223472,0.067689,0.335690,2.288820,22.430420
6.497130,0.029822,-0.163533,0.005984,0.029822,-0.163533,0.005984,0.396730,1.617430,16.967770
6.507190,0.013636,-0.115071,0.003041,0.013636,-0.115071,0.003041,0.335690,1.403810,14.434810
6.517260,0.067493,-0.148622,0.008339,0.067493,-0.148622,0.008339,0.244140,1.037600,9.735110
6.527350,0.062195,-0.093489,0.015009,0.062195,-0.093489,0.015009,0.152590,0.885010,7.568360
6.537390,0.063961,-0.048658,0.011380,0.063961,-0.048658,0.011380,0.122070,0.488280,4.577640
6.547450,0.070534,0.013047,-0.003041,0.070534,0.013047,-0.003041,0.061040,0.427250,3.540040
6.557520,0.073575,0.032864,-0.003041,0.073575,0.032864,-0.003041,0.030520,0.335690,2.807620
6.567580,0.075341,0.058566,-0.000589,0.075341,0.058566,-0.000589,0.030520,0.213620,1.678470
6.577650,0.074164,0.066904,0.000589,0.074164,0.066904,0.000589,0.000000,0.152590,1.312260
6.587720,0.072300,0.080736,-0.008339,0.072300,0.080736,-0.008339,0.061040,0.091550,0.823970
6.597800,0.076518,0.092116,-0.008339,0.076518,0.092116,-0.008339,0.030520,0.091550,0.701900
6.607850,0.074752,0.094470,-0.008339,0.074752,0.094470,-0.008339,0.000000,0.091550,0.518800
6.617920,0.060332,0.102907,0.001177,0.060332,0.102907,0.001177,0.000000,0.091550,0.518800
6.628000,0.059154,0.119682,-0.004218,0.059154,0.119682,-0.004218,0.000000,0.091550,0.579830
6.638050,0.072888,0.092705,-0.004218,0.072888,0.092705,-0.004218,0.000000,0.091550,0.915530
6.648110,0.090939,0.075341,-0.004807,0.090939,0.075341,-0.004807,0.000000,0.091550,0.854490
6.658180,0.083091,0.087309,-0.003630,0.083091,0.087309,-0.003630,-0.030520,0.061040,0.579830
6.668240,0.087309,0.090939,-0.000589,0.087309,0.090939,-0.000589,0.000000,0.030520,0.488280
6.678310,0.087309,0.090252,0.000000,0.087309,0.090252,0.000000,-0.030520,0.030520,0.335690
6.688370,0.086132,0.090939,0.000589,0.086132,0.090939,0.000589,0.000000,0.030520,0.305180
6.698440,0.080736,0.094470,-0.003041,0.080736,0.094470,-0.003041,0.000000,0.030520,0.244140
6.708510,0.080148,0.096923,-0.006573,0.080148,0.096923,-0.006573,0.000000,0.061040,0.152590
6.718570,0.075929,0.096334,-0.005984,0.075929,0.096334,-0.005984,0.030520,0.061040,0.122070
6.728640,0.071123,0.090939,-0.003041,0.071123,0.090939,-0.003041,-0.030520,0.061040,0.091550
6.738730,0.075341,0.093882,-0.003041,0.075341,0.093882,-0.003041,0.000000,0.061040,0.091550
6.748780,0.074164,0.093882,-0.009025,0.074164,0.093882,-0.009025,0.000000,0.030520,0.061040
6.758840,0.067493,0.093882,-0.013734,0.067493,0.093882,-0.013734,0.030520,0.030520,0.061040
6.768910,0.073575,0.101632,-0.009614,0.073575,0.101632,-0.009614,0.061040,0.000000,0.030520
6.778980,0.074752,0.099866,-0.003630,0.074752,0.099866,-0.003630,0.030520,0.030520,0.061040
6.789060,0.071123,0.097511,-0.007750,0.071123,0.097511,-0.007750,0.061040,0.030520,0.061040
6.799120,0.075341,0.096923,-0.007750,0.075341,0.096923,-0.007750,0.030520,0.030520,0.061040
6.809180,0.067493,0.093293,-0.003041,0.067493,0.093293,-0.003041,0.030520,0.000000,0.030520
6.819250,0.066904,0.098689,0.003630,0.066904,0.098689,0.003630,0.000000,0.030520,0.030520
6.829320,0.068180,0.098100,0.004218,0.068180,0.098100,0.004218,0.030520,-0.030520,0.061040
6.839380,0.062784,0.097511,-0.000589,0.062784,0.097511,-0.000589,0.061040,-0.030520,0.061040
6.849450,0.063961,0.098100,-0.003630,0.063961,0.098100,-0.003630,0.061040,0.000000,0.061040
6.859510,0.067493,0.096923,-0.006573,0.067493,0.096923,-0.006573,0.061040,0.000000,0.061040
6.869580,0.066316,0.099866,0.001177,0.066316,0.099866,0.001177,0.061040,0.030520,0.030520
6.879650,0.071123,0.107027,-0.002354,0.071123,0.107027,-0.002354,0.061040,0.000000,0.030520
6.889710,0.074752,0.105261,-0.005396,0.074752,0.105261,-0.005396,0.000000,0.030520,0.061040
6.899780,0.075341,0.093882,-0.007161,0.075341,0.093882,-0.007161,0.030520,0.030520,0.061040
6.909840,0.071123,0.095648,-0.000589,0.071123,0.095648,-0.000589,0.030520,0.000000,0.061040
6.919910,0.074164,0.099866,0.003630,0.074164,0.099866,0.003630,0.030520,0.000000,0.061040
6.929970,0.072300,0.104084,0.000000,0.072300,0.104084,0.000000,0.000000,0.000000,0.061040
6.940070,0.061509,0.099866,-0.001766,0.061509,0.099866,-0.001766,0.030520,0.030520,0.030520
6.950120,0.062784,0.096334,-0.003041,0.062784,0.096334,-0.003041,0.061040,0.030520,0.030520
6.960180,0.062784,0.093882,-0.001766,0.062784,0.093882,-0.001766,0.030520,0.030520,0.030520
6.970250,0.058566,0.092705,0.005396,0.058566,0.092705,0.005396,0.030520,0.000000,0.030520
6.980310,0.066316,0.096923,0.000589,0.066316,0.096923,0.000589,0.030520,0.000000,0.000000
6.990390,0.069945,0.095648,-0.004218,0.069945,0.095648,-0.004218,0.000000,0.030520,0.030520
7.000470,0.065138,0.096334,-0.005984,0.065138,0.096334,-0.005984,0.000000,0.000000,0.061040
7.010510,0.063961,0.096334,-0.004807,0.063961,0.096334,-0.004807,0.000000,0.030520,0.091550
7.020580,0.061509,0.098100,0.003630,0.061509,0.098100,0.003630,0.000000,0.030520,0.091550
7.030650,0.065138,0.093293,0.004807,0.065138,0.093293,0.004807,0.000000,0.061040,0.091550
7.040710,0.062195,0.102318,-0.003041,0.062195,0.102318,-0.003041,0.000000,0.061040,0.122070
7.050770,0.069357,0.096334,-0.004218,0.069357,0.096334,-0.004218,0.030520,0.061040,0.122070
7.060840,0.068180,0.096923,-0.000589,0.068180,0.096923,-0.000589,0.000000,0.061040,0.152590
7.070910,0.069357,0.095648,0.003041,0.069357,0.095648,0.003041,0.030520,0.061040,0.152590
7.080970,0.062784,0.097511,0.003041,0.062784,0.097511,0.003041,0.030520,0.030520,0.091550
7.091040,0.066316,0.097511,0.003041,0.066316,0.097511,0.003041,0.030520,0.061040,0.091550
7.101100,0.071123,0.100454,-0.003630,0.071123,0.100454,-0.003630,0.000000,0.030520,0.061040
7.111170,0.080148,0.101043,0.003630,0.080148,0.101043,0.003630,0.061040,0.030520,0.061040
7.121230,0.077107,0.101632,0.005984,0.077107,0.101632,0.005984,0.030520,0.000000,0.061040
7.131300,0.074164,0.099866,-0.000589,0.074164,0.099866,-0.000589,0.030520,0.030520,0.061040
7.141370,0.072300,0.093882,0.003041,0.072300,0.093882,0.003041,0.030520,0.030520,0.061040
7.151430,0.069945,0.098100,-0.005984,0.069945,0.098100,-0.005984,0.030520,0.091550,0.030520
7.161500,0.065727,0.095059,0.005396,0.065727,0.095059,0.005396,0.030520,0.091550,0.030520
7.171560,0.061509,0.095059,0.005984,0.061509,0.095059,0.005984,0.000000,0.091550,0.061040
7.181630,0.059154,0.096923,0.003630,0.059154,0.096923,0.003630,0.030520,0.091550,0.030520
7.191700,0.058566,0.098689,-0.003041,0.058566,0.098689,-0.003041,0.000000,0.091550,0.030520
7.201760,0.059743,0.097511,-0.001177,0.059743,0.097511,-0.001177,-0.030520,0.091550,0.030520
7.213070,0.068768,0.096923,0.005396,0.068768,0.096923,0.005396,0.030520,0.091550,0.030520
7.222000,0.069945,0.096923,0.005984,0.069945,0.096923,0.005984,0.030520,0.061040,0.000000
7.232060,0.072300,0.105850,0.004218,0.072300,0.105850,0.004218,0.000000,0.030520,-0.030520
7.242100,0.072300,0.110068,0.008339,0.072300,0.110068,0.008339,0.000000,0.030520,0.030520
7.252160,0.076518,0.113698,0.007750,0.076518,0.113698,0.007750,0.000000,0.030520,0.030520
7.262230,0.079559,0.110657,0.012557,0.079559,0.110657,0.012557,0.000000,0.030520,0.000000
7.272300,0.086720,0.108891,0.015598,0.086720,0.108891,0.015598,0.000000,0.030520,0.000000
7.282360,0.087309,0.110068,0.003041,0.087309,0.110068,0.003041,0.061040,0.000000,0.000000
7.292620,0.084857,0.109480,0.007161,0.084857,0.109480,0.007161,0.030520,0.061040,0.000000
7.302690,0.080148,0.110068,-0.000589,0.080148,0.110068,-0.000589,0.030520,0.030520,0.000000
7.312660,0.081914,0.111245,0.006573,0.081914,0.111245,0.006573,0.091550,0.000000,0.000000
7.325950,0.087309,0.108302,0.015598,0.087309,0.108302,0.015598,0.061040,0.030520,0.000000
7.336050,0.080736,0.111834,0.015009,0.080736,0.111834,0.015009,0.061040,0.030520,0.000000
7.346200,0.078872,0.113698,0.005396,0.078872,0.113698,0.005396,0.061040,0.061040,0.000000
7.356250,0.078872,0.114287,0.001177,0.078872,0.114287,0.001177,0.030520,0.030520,0.030520
7.366350,0.080148,0.117818,0.010791,0.080148,0.117818,0.010791,0.030520,0.030520,0.000000
7.376490,0.084268,0.114287,0.001766,0.084268,0.114287,0.001766,0.000000,0.030520,0.030520
7.386550,0.079559,0.110068,0.000589,0.079559,0.110068,0.000589,0.000000,0.030520,0.030520
7.396660,0.079559,0.109480,0.013734,0.079559,0.109480,0.013734,0.030520,0.030520,0.000000
7.406740,0.080148,0.105261,0.011968,0.080148,0.105261,0.011968,0.030520,0.030520,-0.030520
7.416930,0.080736,0.108891,0.014323,0.080736,0.108891,0.014323,0.000000,0.061040,0.030520
7.426330,0.085543,0.108891,0.014323,0.085543,0.108891,0.014323,-0.030520,0.061040,0.030520
7.436590,0.084857,0.098100,0.015598,0.084857,0.098100,0.015598,0.030520,0.030520,0.030520
7.446530,0.083679,0.096923,0.011380,0.083679,0.096923,0.011380,0.000000,0.061040,0.030520
7.456620,0.083091,0.099866,0.000589,0.083091,0.099866,0.000589,0.030520,0.030520,0.061040
7.466710,0.081914,0.095059,0.010202,0.081914,0.095059,0.010202,0.030520,0.061040,0.030520
7.476800,0.082502,0.092116,0.006573,0.082502,0.092116,0.006573,0.030520,0.061040,0.000000
7.487000,0.080736,0.096923,0.002354,0.080736,0.096923,0.002354,0.061040,0.061040,0.000000
7.497650,0.072300,0.098689,-0.007750,0.072300,0.098689,-0.007750,0.030520,0.061040,0.000000
7.507610,0.073575,0.107027,-0.002354,0.073575,0.107027,-0.002354,0.030520,0.061040,0.061040
7.517740,0.075341,0.104084,0.001177,0.075341,0.104084,0.001177,0.030520,0.030520,0.061040
7.527800,0.082502,0.104084,0.005396,0.082502,0.104084,0.005396,0.000000,0.030520,0.091550
7.537880,0.080736,0.102907,0.005396,0.080736,0.102907,0.005396,-0.030520,0.000000,0.030520
7.548000,0.079559,0.096334,0.005396,0.079559,0.096334,0.005396,0.030520,0.030520,0.061040
7.558940,0.076518,0.096923,0.015009,0.076518,0.096923,0.015009,0.061040,0.030520,0.030520
7.568990,0.080736,0.095059,0.015009,0.080736,0.095059,0.015009,0.061040,0.000000,0.030520
7.578950,0.080736,0.099866,0.015598,0.080736,0.099866,0.015598,0.030520,0.000000,0.030520
7.589050,0.074752,0.101632,0.007161,0.074752,0.101632,0.007161,0.061040,0.000000,0.000000
7.599140,0.072888,0.108302,0.006573,0.072888,0.108302,0.006573,0.061040,0.000000,0.000000
7.609220,0.076518,0.101632,0.010202,0.076518,0.101632,0.010202,0.061040,0.000000,0.000000
7.619340,0.083679,0.104084,0.011968,0.083679,0.104084,0.011968,0.030520,0.000000,-0.030520
7.629410,0.081914,0.103496,0.022759,0.081914,0.103496,0.022759,0.030520,0.000000,0.000000
7.639550,0.085543,0.110068,0.020405,0.085543,0.110068,0.020405,0.030520,0.030520,0.030520
7.649600,0.086720,0.113698,0.002354,0.086720,0.113698,0.002354,0.000000,0.061040,0.030520
7.659690,0.089075,0.110657,0.003041,0.089075,0.110657,0.003041,0.030520,0.030520,0.030520
7.669770,0.082502,0.104673,0.007750,0.082502,0.104673,0.007750,0.030520,0.000000,0.061040
7.679860,0.083091,0.101043,0.002354,0.083091,0.101043,0.002354,0.000000,0.000000,0.061040
7.689960,0.086720,0.103496,-0.000589,0.086720,0.103496,-0.000589,0.000000,0.030520,0.030520
7.700050,0.083091,0.108302,-0.004218,0.083091,0.108302,-0.004218,0.000000,0.030520,0.061040
7.710140,0.083679,0.104084,-0.002354,0.083679,0.104084,-0.002354,0.030520,0.091550,0.061040
7.720320,0.076518,0.105850,0.010202,0.076518,0.105850,0.010202,0.030520,0.061040,0.030520
7.730930,0.076518,0.108302,0.015598,0.076518,0.108302,0.015598,0.000000,0.061040,0.030520
7.741030,0.077107,0.111834,0.001177,0.077107,0.111834,0.001177,0.030520,0.091550,0.000000
7.751110,0.073575,0.102907,-0.002354,0.073575,0.102907,-0.002354,0.030520,0.061040,0.000000
7.761250,0.075929,0.101043,0.002354,0.075929,0.101043,0.002354,0.030520,0.061040,-0.030520
7.771320,0.076518,0.108302,0.007750,0.076518,0.108302,0.007750,0.000000,0.091550,0.000000
7.781410,0.075341,0.107616,0.001177,0.075341,0.107616,0.001177,0.030520,0.030520,0.000000
7.791510,0.066316,0.101632,0.003041,0.066316,0.101632,0.003041,0.000000,0.030520,0.030520
7.801600,0.069357,0.100454,0.009025,0.069357,0.100454,0.009025,0.000000,0.030520,0.000000
7.811690,0.073575,0.106439,0.003041,0.073575,0.106439,0.003041,0.030520,0.030520,0.000000
7.821880,0.078284,0.104084,0.004218,0.078284,0.104084,0.004218,0.000000,0.030520,0.030520
7.831340,0.083679,0.105261,0.003630,0.083679,0.105261,0.003630,0.000000,0.030520,0.030520
7.841420,0.078284,0.104673,0.006573,0.078284,0.104673,0.006573,0.000000,0.061040,0.030520
7.851480,0.081914,0.101632,0.009614,0.081914,0.101632,0.009614,0.030520,0.061040,0.000000
7.861570,0.083091,0.111834,0.004807,0.083091,0.111834,0.004807,0.030520,0.061040,0.000000
7.871660,0.080148,0.104673,0.006573,0.080148,0.104673,0.006573,0.000000,0.061040,0.030520
7.881750,0.078872,0.104084,0.001766,0.078872,0.104084,0.001766,0.000000,0.030520,0.061040
7.891840,0.076518,0.102318,0.005396,0.076518,0.102318,0.005396,0.000000,0.000000,0.061040
7.901930,0.080736,0.104084,0.007750,0.080736,0.104084,0.007750,0.030520,0.000000,0.030520
7.912020,0.081914,0.105850,0.013145,0.081914,0.105850,0.013145,0.030520,0.000000,0.000000
7.922200,0.086132,0.102907,0.010791,0.086132,0.102907,0.010791,0.000000,0.000000,0.030520
7.932810,0.081325,0.108891,0.015598,0.081325,0.108891,0.015598,-0.061040,0.000000,0.030520
7.942900,0.081914,0.107027,0.013145,0.081914,0.107027,0.013145,-0.061040,0.000000,0.030520
7.953000,0.081914,0.103496,0.016186,0.081914,0.103496,0.016186,-0.030520,-0.030520,0.030520
7.963090,0.077695,0.102907,0.017952,0.077695,0.102907,0.017952,0.000000,0.030520,0.030520
7.973200,0.079559,0.105261,0.019130,0.079559,0.105261,0.019130,-0.030520,0.000000,0.030520
7.983290,0.080148,0.106439,0.020993,0.080148,0.106439,0.020993,0.000000,-0.030520,0.030520
7.993400,0.082502,0.105261,0.013145,0.082502,0.105261,0.013145,0.030520,0.000000,0.030520
8.003480,0.081914,0.108302,0.003041,0.081914,0.108302,0.003041,0.000000,-0.030520,0.061040
8.013580,0.080148,0.106439,0.009614,0.080148,0.106439,0.009614,0.000000,-0.030520,0.030520
8.023710,0.080148,0.096334,0.005984,0.080148,0.096334,0.005984,-0.030520,0.000000,0.030520
8.033780,0.083091,0.099277,0.004807,0.083091,0.099277,0.004807,0.000000,0.030520,0.030520
8.043860,0.084857,0.100454,0.006573,0.084857,0.100454,0.006573,0.030520,0.000000,0.030520
8.053960,0.081325,0.096923,0.007161,0.081325,0.096923,0.007161,0.030520,0.000000,0.030520
8.064060,0.083091,0.095648,0.011968,0.083091,0.095648,0.011968,0.091550,0.000000,0.000000
8.074160,0.072300,0.099277,0.013145,0.072300,0.099277,0.013145,0.061040,0.000000,0.000000
8.084250,0.066904,0.096923,0.008339,0.066904,0.096923,0.008339,0.091550,0.030520,0.000000
8.094350,0.081325,0.106439,0.001766,0.081325,0.106439,0.001766,0.091550,0.030520,-0.030520
8.104500,0.083679,0.104084,0.002354,0.083679,0.104084,0.002354,0.061040,0.061040,-0.030520
8.114550,0.086720,0.102907,0.010202,0.086720,0.102907,0.010202,0.030520,0.061040,0.030520
8.124740,0.086720,0.100454,0.009614,0.086720,0.100454,0.009614,0.030520,0.061040,0.030520
8.134740,0.077695,0.101632,0.009614,0.077695,0.101632,0.009614,0.091550,0.000000,0.000000
8.144840,0.080148,0.104084,0.009025,0.080148,0.104084,0.009025,0.061040,0.000000,0.030520
8.154930,0.075929,0.103496,0.007750,0.075929,0.103496,0.007750,0.061040,0.000000,0.030520
8.165070,0.072888,0.105261,0.013734,0.072888,0.105261,0.013734,0.091550,-0.030520,0.030520
8.175130,0.069945,0.105261,0.007750,0.069945,0.105261,0.007750,0.061040,0.000000,0.061040
8.185250,0.072300,0.105850,0.007750,0.072300,0.105850,0.007750,0.091550,0.000000,0.091550
8.195330,0.081914,0.106439,0.010791,0.081914,0.106439,0.010791,0.091550,0.030520,0.091550
8.205420,0.080736,0.098100,0.011380,0.080736,0.098100,0.011380,0.091550,-0.061040,0.091550
8.215760,0.079559,0.093293,0.010791,0.079559,0.093293,0.010791,0.122070,-0.091550,0.091550
8.225650,0.077695,0.093293,0.002354,0.077695,0.093293,0.002354,0.091550,-0.030520,0.030520
8.235190,0.087898,0.093882,-0.005396,0.087898,0.093882,-0.005396,0.091550,-0.061040,0.000000
8.245210,0.083679,0.092116,-0.004807,0.083679,0.092116,-0.004807,0.061040,-0.030520,0.000000
8.255290,0.078284,0.089075,-0.003041,0.078284,0.089075,-0.003041,0.091550,0.000000,-0.030520
8.265470,0.081325,0.089663,-0.002354,0.081325,0.089663,-0.002354,0.061040,-0.030520,-0.030520
8.275470,0.081914,0.096923,-0.009614,0.081914,0.096923,-0.009614,0.030520,-0.030520,-0.030520
8.285560,0.080736,0.095648,-0.004218,0.080736,0.095648,-0.004218,0.000000,0.030520,0.000000
8.296220,0.075929,0.101632,-0.005984,0.075929,0.101632,-0.005984,0.000000,0.030520,0.000000
8.306250,0.077695,0.099277,-0.007750,0.077695,0.099277,-0.007750,0.000000,0.030520,0.030520
8.316210,0.072888,0.098689,-0.003630,0.072888,0.098689,-0.003630,0.030520,0.030520,0.030520
8.326340,0.074164,0.092116,-0.008339,0.074164,0.092116,-0.008339,-0.030520,0.030520,0.030520
8.336380,0.078872,0.098689,-0.015009,0.078872,0.098689,-0.015009,-0.030520,0.030520,0.061040
8.346490,0.074164,0.100454,-0.011380,0.074164,0.100454,-0.011380,0.030520,-0.030520,0.061040
8.356570,0.071123,0.101043,-0.004807,0.071123,0.101043,-0.004807,0.030520,0.000000,0.030520
8.366660,0.066316,0.102318,-0.000589,0.066316,0.102318,-0.000589,0.000000,0.000000,0.061040
8.376750,0.068180,0.094470,-0.001766,0.068180,0.094470,-0.001766,0.030520,0.030520,0.061040
8.386840,0.067493,0.091527,-0.008339,0.067493,0.091527,-0.008339,0.030520,0.030520,0.061040
8.396950,0.062784,0.098100,-0.006573,0.062784,0.098100,-0.006573,0.030520,-0.030520,0.030520
8.407020,0.060332,0.104673,-0.005984,0.060332,0.104673,-0.005984,0.061040,0.000000,0.030520
8.417120,0.072300,0.104084,-0.001766,0.072300,0.104084,-0.001766,0.030520,0.000000,0.030520
8.427400,0.073575,0.101043,-0.000589,0.073575,0.101043,-0.000589,0.061040,0.030520,0.030520
8.437920,0.076518,0.105261,0.001766,0.076518,0.105261,0.001766,0.061040,0.000000,0.061040
8.447990,0.075929,0.103496,-0.003630,0.075929,0.103496,-0.003630,0.061040,0.000000,0.061040
8.458090,0.078284,0.106439,-0.001177,0.078284,0.106439,-0.001177,0.061040,0.030520,0.030520
8.468180,0.078872,0.108302,-0.002354,0.078872,0.108302,-0.002354,0.061040,0.030520,0.000000
8.478280,0.078872,0.107616,0.001177,0.078872,0.107616,0.001177,0.061040,0.061040,0.030520
8.488370,0.075929,0.109480,0.004807,0.075929,0.109480,0.004807,0.030520,0.030520,0.061040
8.498480,0.081914,0.112423,0.001766,0.081914,0.112423,0.001766,0.030520,0.061040,0.091550
8.508570,0.113011,0.217880,-0.007161,0.113011,0.217880,-0.007161,0.061040,0.091550,1.159670
8.518670,0.083091,0.124979,-0.004218,0.083091,0.124979,-0.004218,0.000000,0.213620,2.166750
8.528950,0.070534,0.107027,0.000000,0.070534,0.107027,0.000000,0.030520,0.213620,2.380370
8.538280,0.125666,0.281253,-0.043753,0.125666,0.281253,-0.043753,0.122070,0.335690,3.570560
8.548410,0.101632,0.197475,0.007750,0.101632,0.197475,0.007750,0.122070,0.610350,5.249020
8.558480,0.047775,0.008240,0.011380,0.047775,0.008240,0.011380,0.030520,0.427250,4.058840
8.568570,0.057977,0.038848,0.005396,0.057977,0.038848,0.005396,0.152590,0.244140,3.173830
8.578730,0.057977,0.063373,0.010202,0.057977,0.063373,0.010202,0.000000,0.213620,1.922610
8.588770,0.059743,0.070534,0.007750,0.059743,0.070534,0.007750,0.030520,0.183110,1.495360
8.598880,0.068180,0.079559,0.001766,0.068180,0.079559,0.001766,0.091550,0.091550,0.915530
8.608950,0.068768,0.086720,0.008339,0.068768,0.086720,0.008339,0.061040,0.122070,0.671390
8.619040,0.071123,0.087898,0.008339,0.071123,0.087898,0.008339,0.061040,0.091550,0.518800
8.629140,0.072888,0.087898,-0.007750,0.072888,0.087898,-0.007750,0.061040,0.000000,0.335690
8.639210,0.074752,0.090939,0.001177,0.074752,0.090939,0.001177,0.061040,0.030520,0.244140
8.650110,0.075341,0.092116,-0.004218,0.075341,0.092116,-0.004218,0.061040,0.000000,0.152590
8.659540,0.078872,0.095059,-0.005984,0.078872,0.095059,-0.005984,0.000000,-0.030520,0.122070
8.669500,0.077695,0.096334,-0.005396,0.077695,0.096334,-0.005396,0.000000,0.000000,0.091550
8.679600,0.075341,0.098100,-0.013734,0.075341,0.098100,-0.013734,0.030520,-0.030520,0.030520
8.689680,0.071711,0.101043,-0.015598,0.071711,0.101043,-0.015598,0.000000,0.000000,0.030520
8.699770,0.069357,0.099277,-0.014323,0.069357,0.099277,-0.014323,0.030520,-0.030520,0.000000
8.709860,0.069945,0.102907,-0.006573,0.069945,0.102907,-0.006573,0.061040,0.000000,0.030520
8.719950,0.066904,0.098100,-0.004807,0.066904,0.098100,-0.004807,0.030520,0.000000,0.030520
8.730070,0.060920,0.096923,-0.005396,0.060920,0.096923,-0.005396,0.030520,0.030520,0.030520
8.740130,0.059743,0.098100,-0.007750,0.059743,0.098100,-0.007750,0.030520,0.030520,0.061040
8.750220,0.062195,0.089075,-0.011380,0.062195,0.089075,-0.011380,0.000000,0.030520,0.061040
8.760310,0.065727,0.088486,-0.007161,0.065727,0.088486,-0.007161,0.000000,0.030520,0.061040
8.770400,0.068768,0.087898,-0.013145,0.068768,0.087898,-0.013145,0.030520,0.030520,0.000000
8.780530,0.066316,0.093293,-0.017364,0.066316,0.093293,-0.017364,0.030520,0.030520,0.000000
8.790590,0.070534,0.108891,-0.007750,0.070534,0.108891,-0.007750,0.030520,0.000000,-0.030520
8.800720,0.074164,0.110657,-0.003630,0.074164,0.110657,-0.003630,0.000000,0.000000,-0.030520
8.810760,0.077107,0.109480,-0.003630,0.077107,0.109480,-0.003630,0.000000,0.000000,0.000000
8.820850,0.076518,0.111245,-0.010202,0.076518,0.111245,-0.010202,0.000000,0.000000,0.000000
8.831050,0.072888,0.106439,-0.012557,0.072888,0.106439,-0.012557,-0.030520,0.061040,-0.030520
8.841640,0.076518,0.108302,-0.004218,0.076518,0.108302,-0.004218,0.030520,0.061040,-0.030520
8.851730,0.080148,0.113698,-0.008339,0.080148,0.113698,-0.008339,0.030520,0.061040,-0.030520
8.861830,0.078872,0.113011,-0.010202,0.078872,0.113011,-0.010202,0.030520,0.000000,-0.061040
8.871930,0.086132,0.107616,-0.004218,0.086132,0.107616,-0.004218,0.030520,0.000000,-0.061040
8.882060,0.083679,0.107027,-0.001177,0.083679,0.107027,-0.001177,0.030520,0.030520,-0.030520
8.892150,0.080736,0.102318,-0.000589,0.080736,0.102318,-0.000589,0.061040,0.030520,-0.030520
8.902250,0.084268,0.105850,-0.003041,0.084268,0.105850,-0.003041,0.030520,0.030520,-0.030520
8.912350,0.079559,0.099277,0.000589,0.079559,0.099277,0.000589,-0.030520,0.061040,-0.061040
8.922480,0.078284,0.098689,-0.003041,0.078284,0.098689,-0.003041,-0.030520,0.030520,-0.030520
8.932610,0.075341,0.098689,0.001766,0.075341,0.098689,0.001766,0.000000,0.030520,0.000000
8.942680,0.073575,0.098100,0.003041,0.073575,0.098100,0.003041,-0.030520,0.061040,0.000000
8.952770,0.071123,0.093293,0.001177,0.071123,0.093293,0.001177,-0.030520,0.030520,0.030520
8.962870,0.077107,0.096334,-0.003041,0.077107,0.096334,-0.003041,0.030520,0.000000,0.030520
8.972970,0.075341,0.098689,0.004218,0.075341,0.098689,0.004218,0.030520,0.061040,0.061040
8.983060,0.073575,0.101043,-0.003630,0.073575,0.101043,-0.003630,0.030520,0.061040,0.061040
8.993190,0.077695,0.103496,-0.008339,0.077695,0.103496,-0.008339,0.000000,0.030520,0.030520
9.003260,0.074752,0.097511,-0.004807,0.074752,0.097511,-0.004807,-0.030520,0.030520,0.030520
9.013350,0.068180,0.099277,0.003041,0.068180,0.099277,0.003041,0.000000,0.030520,0.061040
9.023440,0.069357,0.102318,-0.001766,0.069357,0.102318,-0.001766,0.000000,0.030520,0.030520
9.033700,0.070534,0.099277,-0.012557,0.070534,0.099277,-0.012557,0.030520,0.030520,0.030520
9.043060,0.069945,0.100454,-0.008339,0.069945,0.100454,-0.008339,0.030520,0.030520,0.000000
9.053140,0.075341,0.099277,0.000589,0.075341,0.099277,0.000589,0.000000,0.061040,-0.030520
9.063230,0.075341,0.096923,0.004218,0.075341,0.096923,0.004218,0.030520,0.030520,0.000000
9.073330,0.076518,0.099866,-0.004218,0.076518,0.099866,-0.004218,0.000000,0.030520,0.000000
9.083410,0.080148,0.098689,-0.005396,0.080148,0.098689,-0.005396,0.000000,0.030520,0.000000
9.093510,0.081325,0.098100,-0.003630,0.081325,0.098100,-0.003630,0.030520,0.000000,0.000000
9.103600,0.081914,0.096923,-0.001177,0.081914,0.096923,-0.001177,0.030520,0.030520,0.000000
9.113690,0.084268,0.096334,0.000000,0.084268,0.096334,0.000000,0.000000,0.000000,-0.030520
9.123770,0.083679,0.097511,0.001177,0.083679,0.097511,0.001177,0.000000,0.000000,-0.030520
9.133940,0.080736,0.096334,0.001177,0.080736,0.096334,0.001177,0.000000,0.000000,-0.030520
9.144560,0.083679,0.093882,-0.002354,0.083679,0.093882,-0.002354,0.000000,0.030520,0.030520
9.154660,0.083679,0.095059,-0.005396,0.083679,0.095059,-0.005396,0.030520,0.030520,0.030520
9.164750,0.083091,0.095648,-0.003630,0.083091,0.095648,-0.003630,0.000000,0.030520,0.000000
9.174850,0.085543,0.096923,-0.001177,0.085543,0.096923,-0.001177,0.030520,0.030520,-0.030520
9.184950,0.085543,0.092705,0.000589,0.085543,0.092705,0.000589,0.030520,0.061040,0.030520
9.195050,0.080148,0.094470,-0.009025,0.080148,0.094470,-0.009025,0.030520,0.030520,0.000000
9.205140,0.083679,0.098100,-0.009614,0.083679,0.098100,-0.009614,0.000000,0.000000,0.030520
9.215590,0.078284,0.105261,-0.003630,0.078284,0.105261,-0.003630,0.000000,0.000000,0.030520
9.225360,0.081914,0.104673,-0.000589,0.081914,0.104673,-0.000589,0.000000,0.000000,0.000000
9.235520,0.077695,0.101632,-0.009614,0.077695,0.101632,-0.009614,0.030520,0.000000,0.000000
9.245540,0.077695,0.099866,-0.013734,0.077695,0.099866,-0.013734,0.030520,-0.030520,0.030520
9.255630,0.079559,0.099866,-0.011968,0.079559,0.099866,-0.011968,0.030520,0.030520,0.030520
9.265730,0.077695,0.099277,-0.003630,0.077695,0.099277,-0.003630,0.061040,0.030520,0.030520
9.275830,0.075929,0.102318,-0.001177,0.075929,0.102318,-0.001177,0.030520,0.030520,0.061040
9.285930,0.079559,0.099277,0.000000,0.079559,0.099277,0.000000,-0.030520,0.030520,0.030520
9.297110,0.075341,0.098689,0.004807,0.075341,0.098689,0.004807,0.000000,0.061040,0.061040
9.307130,0.076518,0.099277,0.011968,0.076518,0.099277,0.011968,0.000000,0.000000,0.061040
9.317070,0.078872,0.105261,0.010202,0.078872,0.105261,0.010202,0.000000,0.030520,0.061040
9.327160,0.080148,0.108302,-0.003630,0.080148,0.108302,-0.003630,-0.030520,0.061040,0.061040
9.337370,0.080736,0.107027,-0.000589,0.080736,0.107027,-0.000589,0.000000,0.061040,0.061040
9.346800,0.081914,0.108891,-0.003041,0.081914,0.108891,-0.003041,0.000000,0.030520,0.061040
9.356860,0.081325,0.107027,0.000000,0.081325,0.107027,0.000000,0.030520,0.030520,0.061040
9.366940,0.077695,0.098689,-0.003041,0.077695,0.098689,-0.003041,0.030520,0.000000,0.061040
9.377040,0.078872,0.098100,0.001177,0.078872,0.098100,0.001177,0.030520,0.030520,0.000000
9.387120,0.077107,0.097511,0.004218,0.077107,0.097511,0.004218,0.030520,0.030520,0.000000
9.397240,0.077695,0.104084,0.009614,0.077695,0.104084,0.009614,0.030520,0.030520,0.000000
9.407310,0.080148,0.102318,0.009025,0.080148,0.102318,0.009025,0.030520,0.030520,0.030520
9.417520,0.076518,0.102907,0.009614,0.076518,0.102907,0.009614,0.000000,0.000000,0.030520
9.427670,0.084268,0.098100,0.002354,0.084268,0.098100,0.002354,0.000000,0.030520,0.030520
9.437640,0.083679,0.097511,0.003041,0.083679,0.097511,0.003041,0.030520,-0.030520,0.000000
9.447700,0.083679,0.103496,-0.005984,0.083679,0.103496,-0.005984,0.030520,0.030520,0.000000
9.457790,0.081914,0.100454,0.001766,0.081914,0.100454,0.001766,0.030520,0.030520,0.030520
9.467880,0.073575,0.101632,0.005396,0.073575,0.101632,0.005396,0.061040,0.030520,0.000000
9.477970,0.077695,0.100454,0.004218,0.077695,0.100454,0.004218,0.061040,0.030520,0.030520
9.488060,0.077695,0.100454,0.001177,0.077695,0.100454,0.001177,0.061040,0.061040,0.000000
9.498150,0.083679,0.099866,-0.000589,0.083679,0.099866,-0.000589,0.030520,0.030520,0.000000
9.508240,0.078872,0.108891,0.001766,0.078872,0.108891,0.001766,0.000000,0.000000,0.030520
9.518340,0.075341,0.104084,0.007161,0.075341,0.104084,0.007161,0.030520,0.000000,0.000000
9.528480,0.080736,0.108302,0.007161,0.080736,0.108302,0.007161,0.061040,0.030520,0.061040
9.538620,0.079559,0.105850,0.003041,0.079559,0.105850,0.003041,0.061040,0.030520,0.061040
9.549250,0.079559,0.102907,0.005396,0.079559,0.102907,0.005396,0.061040,0.030520,0.030520
9.559310,0.078284,0.098689,0.003041,0.078284,0.098689,0.003041,0.061040,0.061040,0.061040
9.569460,0.077107,0.100454,-0.001766,0.077107,0.100454,-0.001766,0.061040,0.061040,0.061040
9.579510,0.075929,0.099277,-0.003630,0.075929,0.099277,-0.003630,0.030520,0.030520,0.061040
9.589610,0.081914,0.108302,-0.001766,0.081914,0.108302,-0.001766,0.061040,0.000000,0.030520
9.599710,0.078284,0.107027,-0.003041,0.078284,0.107027,-0.003041,0.030520,0.030520,0.000000
9.609930,0.083679,0.112423,-0.004807,0.083679,0.112423,-0.004807,0.061040,0.000000,0.000000
9.619930,0.087309,0.110657,-0.001766,0.087309,0.110657,-0.001766,0.061040,0.030520,0.000000
9.630140,0.087898,0.108302,-0.005396,0.087898,0.108302,-0.005396,0.061040,0.030520,0.061040
9.640220,0.086720,0.112423,-0.003630,0.086720,0.112423,-0.003630,0.030520,0.030520,0.030520
9.649600,0.079559,0.112423,-0.004218,0.079559,0.112423,-0.004218,0.091550,0.061040,0.030520
9.659760,0.082502,0.103496,0.000589,0.082502,0.103496,0.000589,0.091550,0.061040,0.030520
9.669830,0.081914,0.101043,0.001766,0.081914,0.101043,0.001766,0.091550,0.091550,0.030520
9.679890,0.075929,0.107027,-0.001177,0.075929,0.107027,-0.001177,0.030520,0.061040,0.030520
9.689980,0.081325,0.108891,-0.004218,0.081325,0.108891,-0.004218,0.000000,0.061040,0.000000
9.700070,0.080736,0.111245,-0.007750,0.080736,0.111245,-0.007750,0.061040,0.030520,0.000000
9.710160,0.076518,0.113011,-0.003041,0.076518,0.113011,-0.003041,0.030520,0.030520,0.000000
9.720250,0.077695,0.112423,-0.001177,0.077695,0.112423,-0.001177,0.030520,0.061040,0.000000
9.730550,0.076518,0.102318,-0.010202,0.076518,0.102318,-0.010202,-0.030520,0.030520,0.000000
9.741000,0.077107,0.105261,-0.008339,0.077107,0.105261,-0.008339,0.030520,0.061040,0.030520
9.750580,0.079559,0.104084,-0.007161,0.079559,0.104084,-0.007161,0.061040,0.061040,0.030520
9.760670,0.077107,0.099277,-0.003630,0.077107,0.099277,-0.003630,0.000000,0.061040,0.061040
9.770750,0.068768,0.098100,-0.009614,0.068768,0.098100,-0.009614,0.030520,0.000000,0.030520
9.780950,0.069945,0.095648,-0.009614,0.069945,0.095648,-0.009614,0.030520,0.000000,0.000000
9.790950,0.070534,0.093882,-0.009025,0.070534,0.093882,-0.009025,0.030520,0.000000,0.061040
9.801080,0.072300,0.093882,-0.007161,0.072300,0.093882,-0.007161,0.030520,0.030520,0.061040
9.811120,0.075929,0.098100,-0.003041,0.075929,0.098100,-0.003041,0.030520,0.030520,0.091550
9.821210,0.074164,0.093293,-0.006573,0.074164,0.093293,-0.006573,0.030520,0.030520,0.030520
9.831310,0.077695,0.101043,-0.007161,0.077695,0.101043,-0.007161,0.030520,0.000000,0.030520
9.841560,0.081914,0.101632,-0.016775,0.081914,0.101632,-0.016775,0.030520,0.000000,0.061040
9.852100,0.079559,0.097511,-0.015009,0.079559,0.097511,-0.015009,0.030520,0.000000,0.030520
9.862190,0.075929,0.095648,-0.008339,0.075929,0.095648,-0.008339,0.000000,0.000000,0.061040
9.872280,0.073575,0.089663,-0.006573,0.073575,0.089663,-0.006573,0.000000,0.000000,0.061040
9.882380,0.071711,0.090252,-0.011380,0.071711,0.090252,-0.011380,0.000000,0.000000,0.030520
9.892520,0.061509,0.096334,-0.016186,0.061509,0.096334,-0.016186,0.030520,0.000000,0.061040
9.902570,0.061509,0.096923,-0.009614,0.061509,0.096923,-0.009614,0.000000,0.000000,0.061040
9.912670,0.064550,0.095648,-0.001177,0.064550,0.095648,-0.001177,0.000000,0.000000,0.061040
9.922770,0.066316,0.090939,-0.004218,0.066316,0.090939,-0.004218,0.000000,0.000000,0.091550
9.932870,0.069945,0.093293,-0.013734,0.069945,0.093293,-0.013734,-0.030520,0.000000,0.061040
9.942970,0.080736,0.094470,-0.017952,0.080736,0.094470,-0.017952,-0.030520,0.030520,0.091550
9.952480,0.076518,0.094470,-0.010791,0.076518,0.094470,-0.010791,-0.030520,0.000000,0.061040
9.962540,0.072888,0.098689,-0.010202,0.072888,0.098689,-0.010202,0.000000,0.000000,0.030520
9.972640,0.071711,0.096334,-0.009025,0.071711,0.096334,-0.009025,0.000000,0.000000,0.030520
9.982730,0.074164,0.093882,-0.007161,0.074164,0.093882,-0.007161,0.000000,0.030520,0.000000
9.992860,0.071123,0.098100,-0.003630,0.071123,0.098100,-0.003630,0.000000,0.000000,0.030520
10.002910,0.070534,0.101632,0.001177,0.070534,0.101632,0.001177,0.000000,0.030520,0.030520
10.013000,0.075341,0.098100,0.000000,0.075341,0.098100,0.000000,0.000000,0.000000,0.061040
10.023080,0.078284,0.101043,-0.005984,0.078284,0.101043,-0.005984,0.030520,0.030520,0.061040
10.033200,0.077695,0.091527,-0.002354,0.077695,0.091527,-0.002354,0.030520,0.030520,0.030520
10.043300,0.073575,0.093293,-0.001177,0.073575,0.093293,-0.001177,0.000000,0.030520,0.000000
10.053360,0.079559,0.096334,-0.000589,0.079559,0.096334,-0.000589,0.030520,0.030520,0.000000
10.063450,0.079559,0.098100,-0.008339,0.079559,0.098100,-0.008339,0.000000,0.000000,-0.030520
